n,seed,lambda,iteration,marginal_violation
200,1200,1.0,1,1.2082146218930154
200,1200,1.0,10,0.014503833119079643
200,1200,1.0,20,0.000133938536933202
200,1200,1.0,30,1.2897061011209535e-06
200,1200,1.0,40,1.2495066598582072e-08
200,1200,0.1,1,1.7317219585509698
200,1200,0.1,20,0.7381486628765367
200,1200,0.1,40,0.2696037832928924
200,1200,0.1,60,0.09909947372758378
200,1200,0.1,80,0.03622788078940146
200,1200,0.1,100,0.013198744932925227
200,1200,0.1,120,0.005024812671575494
200,1200,0.1,140,0.0020398898245029846
200,1200,0.1,160,0.000903349247120204
200,1200,0.1,180,0.0004434144052890736
200,1200,0.1,200,0.00023805748997135327
200,1200,0.1,220,0.0001359212475550483
200,1200,0.1,240,8.051417295267763e-05
200,1200,0.1,260,4.861084085332548e-05
200,1200,0.1,280,2.9603999383809657e-05
200,1200,0.1,300,1.810693724394602e-05
200,1200,0.1,320,1.1104027465961425e-05
200,1200,0.1,340,6.819628867370427e-06
200,1200,0.1,360,4.191847738720111e-06
200,1200,0.1,380,2.577898434630646e-06
200,1200,0.1,400,1.585819862306645e-06
200,1200,0.1,420,9.757034129358189e-07
200,1200,0.01,1,1.7762809070199042
200,1200,0.01,25,1.6409978331043302
200,1200,0.01,50,1.4890370193474458
200,1200,0.01,75,1.3401032483458164
200,1200,0.01,100,1.1867870303834112
200,1200,0.01,125,1.0341385093887554
200,1200,0.01,150,0.920509102746784
200,1200,0.01,175,0.8304455156209014
200,1200,0.01,200,0.7242749423048959
200,1200,0.01,225,0.6521928501717876
200,1200,0.01,250,0.5699381584064442
200,1200,0.01,275,0.5076130982649587
200,1200,0.01,300,0.4515479506946567
200,1200,0.01,325,0.4103525189000671
200,1200,0.01,350,0.35435915741653606
200,1200,0.01,375,0.3130566046364733
200,1200,0.01,400,0.2771342608785335
200,1200,0.01,425,0.23874101558903893
200,1200,0.01,450,0.2070054554850818
200,1200,0.01,475,0.1798542745023724
200,1200,0.01,500,0.15548450917328463
200,1200,0.01,525,0.13829443916776585
200,1200,0.01,550,0.12386799916663496
200,1200,0.01,575,0.11082375827942213
200,1200,0.01,600,0.09885950537393558
200,1200,0.01,625,0.08838746871708558
200,1200,0.01,650,0.07884094827294362
200,1200,0.01,675,0.06926823164767221
200,1200,0.01,700,0.06012448792310979
200,1200,0.01,725,0.05230808340121168
200,1200,0.01,750,0.04578505255711872
200,1200,0.01,775,0.04036844792561338
200,1200,0.01,800,0.03591682156388649
200,1200,0.01,825,0.03212937209404684
200,1200,0.01,850,0.028687730356742578
200,1200,0.01,875,0.02553172468865557
200,1200,0.01,900,0.02283027892814303
200,1200,0.01,925,0.020615804922112173
200,1200,0.01,950,0.01869423713838419
200,1200,0.01,975,0.017058821354018705
200,1200,0.01,1000,0.015620221145621581
200,1200,0.01,1025,0.014181465383163998
200,1200,0.01,1050,0.012729732467501323
200,1200,0.01,1075,0.011325938692391341
200,1200,0.01,1100,0.010018050420959403
200,1200,0.01,1125,0.008819873546787736
200,1200,0.01,1150,0.007739234124449275
200,1200,0.01,1175,0.00677617335010995
200,1200,0.01,1200,0.005924578220166309
200,1200,0.01,1225,0.0051799558920724124
200,1200,0.01,1250,0.004527342239671215
200,1200,0.01,1275,0.003957550425570765
200,1200,0.01,1300,0.0034622900607573287
200,1200,0.01,1325,0.00303248906283042
200,1200,0.01,1350,0.002658674577472221
200,1200,0.01,1375,0.0023339707759067107
200,1200,0.01,1400,0.002052282082504837
200,1200,0.01,1425,0.001807387097439832
200,1200,0.01,1450,0.0015944571339628812
200,1200,0.01,1475,0.0014092465936688392
200,1200,0.01,1500,0.0012480464865527764
200,1200,0.01,1525,0.0011079250178445176
200,1200,0.01,1550,0.0009861350334793234
200,1200,0.01,1575,0.0008799374785365705
200,1200,0.01,1600,0.0007871689453481335
200,1200,0.01,1625,0.0007059128985042913
200,1200,0.01,1650,0.0006347492075127843
200,1200,0.01,1675,0.0005722846534516402
200,1200,0.01,1700,0.0005173444646193468
200,1200,0.01,1725,0.00046902584979975365
200,1200,0.01,1750,0.00042653433599166863
200,1200,0.01,1775,0.0003890022575076058
200,1200,0.01,1800,0.00035582385637625887
200,1200,0.01,1825,0.0003264973760735961
200,1200,0.01,1850,0.00030047724409428163
200,1200,0.01,1875,0.0002775341933182159
200,1200,0.01,1900,0.00025718047456821727
200,1200,0.01,1925,0.00023899444348525912
200,1200,0.01,1950,0.00022269340374854191
200,1200,0.01,1975,0.00020808469307638435
200,1200,0.01,2000,0.00019502642065898513
200,1200,0.01,2025,0.00018333797864506646
200,1200,0.01,2050,0.0001728554370993285
200,1200,0.01,2075,0.0001634107575450511
200,1200,0.01,2100,0.00015491307597324984
200,1200,0.01,2125,0.00014724275660275496
200,1200,0.01,2150,0.0001403256885259517
200,1200,0.01,2175,0.0001340955164246373
200,1200,0.01,2200,0.00012852635016340468
200,1200,0.01,2225,0.00012355545976705865
200,1200,0.01,2250,0.00011910707747777097
200,1200,0.01,2275,0.00011503665469267312
200,1200,0.01,2300,0.00011129883294407322
200,1200,0.01,2325,0.00010784034013452525
200,1200,0.01,2350,0.00010459557925681252
200,1200,0.01,2375,0.00010154563263181822
200,1200,0.01,2400,9.871934708693703e-05
200,1200,0.01,2425,9.608130530708997e-05
200,1200,0.01,2450,9.359751518190577e-05
200,1200,0.01,2475,9.125372460814119e-05
200,1200,0.01,2500,8.903626654151956e-05
200,1200,0.01,2525,8.693058400982816e-05
200,1200,0.01,2550,8.492913410012085e-05
200,1200,0.01,2575,8.303003401089436e-05
200,1200,0.01,2600,8.122241540060599e-05
200,1200,0.01,2625,7.950536679883231e-05
200,1200,0.01,2650,7.786129558710712e-05
200,1200,0.01,2675,7.629201520348815e-05
200,1200,0.01,2700,7.479170386313211e-05
200,1200,0.01,2725,7.334644922462989e-05
200,1200,0.01,2750,7.195325124696034e-05
200,1200,0.01,2775,7.060932657645871e-05
200,1200,0.01,2800,6.932299344253323e-05
200,1200,0.01,2825,6.808925232460166e-05
200,1200,0.01,2850,6.68954371699981e-05
200,1200,0.01,2875,6.574043800391949e-05
200,1200,0.01,2900,6.462473300407941e-05
200,1200,0.01,2925,6.354344379295562e-05
200,1200,0.01,2950,6.249505012310193e-05
200,1200,0.01,2975,6.147987158636788e-05
200,1200,0.01,3000,6.0496785949441974e-05
200,1200,0.01,3025,5.9542276038077047e-05
200,1200,0.01,3050,5.8615158880682625e-05
200,1200,0.01,3075,5.771431532520903e-05
200,1200,0.01,3100,5.683868587055569e-05
200,1200,0.01,3125,5.5987266727251794e-05
200,1200,0.01,3150,5.5159106211541235e-05
200,1200,0.01,3175,5.435330142671089e-05
200,1200,0.01,3200,5.3568995193075016e-05
200,1200,0.01,3225,5.2805373205178086e-05
200,1200,0.01,3250,5.2061661338361626e-05
200,1200,0.01,3275,5.1337123271828766e-05
200,1200,0.01,3300,5.0631058164919696e-05
200,1200,0.01,3325,4.9942798569267005e-05
200,1200,0.01,3350,4.927170845383296e-05
200,1200,0.01,3375,4.861718135805784e-05
200,1200,0.01,3400,4.797863876520019e-05
200,1200,0.01,3425,4.7355528412703143e-05
200,1200,0.01,3450,4.6747322898578296e-05
200,1200,0.01,3475,4.615351824810345e-05
200,1200,0.01,3500,4.557363264089294e-05
200,1200,0.01,3525,4.500720523461024e-05
200,1200,0.01,3550,4.44537949763988e-05
200,1200,0.01,3575,4.391297959693754e-05
200,1200,0.01,3600,4.338435460591022e-05
200,1200,0.01,3625,4.286753235947533e-05
200,1200,0.01,3650,4.2362141200570115e-05
200,1200,0.01,3675,4.186782463644345e-05
200,1200,0.01,3700,4.13842405601059e-05
200,1200,0.01,3725,4.091106057059913e-05
200,1200,0.01,3750,4.0447969246816366e-05
200,1200,0.01,3775,3.999466353158624e-05
200,1200,0.01,3800,3.955085213514821e-05
200,1200,0.01,3825,3.911625499389195e-05
200,1200,0.01,3850,3.869060265819513e-05
200,1200,0.01,3875,3.8273635869886385e-05
200,1200,0.01,3900,3.786510506897066e-05
200,1200,0.01,3925,3.7464769902841207e-05
200,1200,0.01,3950,3.7072398866056476e-05
200,1200,0.01,3975,3.6687768859691716e-05
200,1200,0.01,4000,3.63106648148398e-05
200,1200,0.01,4025,3.594087936381954e-05
200,1200,0.01,4050,3.5578212454773044e-05
200,1200,0.01,4075,3.522247106654223e-05
200,1200,0.01,4100,3.487346890717821e-05
200,1200,0.01,4125,3.4531026101243534e-05
200,1200,0.01,4150,3.4194968914534087e-05
200,1200,0.01,4175,3.386512953159129e-05
200,1200,0.01,4200,3.354134578306689e-05
200,1200,0.01,4225,3.322346088992147e-05
200,1200,0.01,4250,3.29113232764534e-05
200,1200,0.01,4275,3.2604786366977057e-05
200,1200,0.01,4300,3.230370833502607e-05
200,1200,0.01,4325,3.200795194846593e-05
200,1200,0.01,4350,3.1717384390608436e-05
200,1200,0.01,4375,3.143187706311935e-05
200,1200,0.01,4400,3.115130545407532e-05
200,1200,0.01,4425,3.087554892805544e-05
200,1200,0.01,4450,3.060449061800807e-05
200,1200,0.01,4475,3.033801728311112e-05
200,1200,0.01,4500,3.0076019149676177e-05
200,1200,0.01,4525,2.9818389791260932e-05
200,1200,0.01,4550,2.9565026007542967e-05
200,1200,0.01,4575,2.9315827689391227e-05
200,1200,0.01,4600,2.9070697731875712e-05
200,1200,0.01,4625,2.8829541880852003e-05
200,1200,0.01,4650,2.8592268692918636e-05
200,1200,0.01,4675,2.835878937190988e-05
200,1200,0.01,4700,2.8129017718173284e-05
200,1200,0.01,4725,2.7902870024609436e-05
200,1200,0.01,4750,2.768026495161835e-05
200,1200,0.01,4775,2.746112351230661e-05
200,1200,0.01,4800,2.7245368944835147e-05
200,1200,0.01,4825,2.7032926635610875e-05
200,1200,0.01,4850,2.6823724092851255e-05
200,1200,0.01,4875,2.661769078662283e-05
200,1200,0.01,4900,2.641475817052874e-05
200,1200,0.01,4925,2.621485958390849e-05
200,1200,0.01,4950,2.601793016109976e-05
200,1200,0.01,4975,2.5823906803171086e-05
200,1200,0.01,5000,2.5632728121600598e-05
200,1200,0.01,5025,2.5444334359994887e-05
200,1200,0.01,5050,2.525866737474857e-05
200,1200,0.01,5075,2.5075670544699898e-05
200,1200,0.01,5100,2.4895288742816588e-05
200,1200,0.01,5125,2.471746829194304e-05
200,1200,0.01,5150,2.4542156911593754e-05
200,1200,0.01,5175,2.436930365892851e-05
200,1200,0.01,5200,2.4198858935061546e-05
200,1200,0.01,5225,2.4030774388111333e-05
200,1200,0.01,5250,2.386500290803978e-05
200,1200,0.01,5275,2.370149858252346e-05
200,1200,0.01,5300,2.3540216634296285e-05
200,1200,0.01,5325,2.338111343173129e-05
200,1200,0.01,5350,2.3224146439126958e-05
200,1200,0.01,5375,2.3069274126655964e-05
200,1200,0.01,5400,2.2916456051855563e-05
200,1200,0.01,5425,2.276565273817352e-05
200,1200,0.01,5450,2.2616825657023262e-05
200,1200,0.01,5475,2.2469937239983327e-05
200,1200,0.01,5500,2.232495081948803e-05
200,1200,0.01,5525,2.2181830623711762e-05
200,1200,0.01,5550,2.2040541693792333e-05
200,1200,0.01,5575,2.190104997215961e-05
200,1200,0.01,5600,2.176332213156551e-05
200,1200,0.01,5625,2.1627325701083916e-05
200,1200,0.01,5650,2.1493028922827707e-05
200,1200,0.01,5675,2.1360400806633324e-05
200,1200,0.01,5700,2.122941107384098e-05
200,1200,0.01,5725,2.110003015471512e-05
200,1200,0.01,5750,2.0972229138545122e-05
200,1200,0.01,5775,2.084597980958787e-05
200,1200,0.01,5800,2.0721254568685163e-05
200,1200,0.01,5825,2.0598026462584004e-05
200,1200,0.01,5850,2.0476269126688124e-05
200,1200,0.01,5875,2.0355956820375214e-05
200,1200,0.01,5900,2.023706434374061e-05
200,1200,0.01,5925,2.011956708310777e-05
200,1200,0.01,5950,2.0003440956834623e-05
200,1200,0.01,5975,1.9888662441411645e-05
200,1200,0.01,6000,1.9775208495866926e-05
200,1200,0.01,6025,1.966305660340128e-05
200,1200,0.01,6050,1.955218473099693e-05
200,1200,0.01,6075,1.944257134716288e-05
200,1200,0.01,6100,1.9334195344372813e-05
200,1200,0.01,6125,1.9227036084739496e-05
200,1200,0.01,6150,1.9121073411549824e-05
200,1200,0.01,6175,1.901628752879695e-05
200,1200,0.01,6200,1.8912659120871e-05
200,1200,0.01,6225,1.881016924326108e-05
200,1200,0.01,6250,1.870879937474791e-05
200,1200,0.01,6275,1.8608531363706327e-05
200,1200,0.01,6300,1.8509347444313658e-05
200,1200,0.01,6325,1.8411230230123456e-05
200,1200,0.01,6350,1.831416267052046e-05
200,1200,0.01,6375,1.821812809142242e-05
200,1200,0.01,6400,1.8123110143690273e-05
200,1200,0.01,6425,1.8029092827400416e-05
200,1200,0.01,6450,1.7936060449391666e-05
200,1200,0.01,6475,1.7843997654670707e-05
200,1200,0.01,6500,1.7752889383115984e-05
200,1200,0.01,6525,1.766272087638538e-05
200,1200,0.01,6550,1.757347769164915e-05
200,1200,0.01,6575,1.7485145647288744e-05
200,1200,0.01,6600,1.7397710852805164e-05
200,1200,0.01,6625,1.731115971072804e-05
200,1200,0.01,6650,1.7225478868779752e-05
200,1200,0.01,6675,1.7140655233975274e-05
200,1200,0.01,6700,1.7056675992452655e-05
200,1200,0.01,6725,1.697352855231822e-05
200,1200,0.01,6750,1.689120059635181e-05
200,1200,0.01,6775,1.6809680010282033e-05
200,1200,0.01,6800,1.6728954937864603e-05
200,1200,0.01,6825,1.6649013743393233e-05
200,1200,0.01,6850,1.656984500774273e-05
200,1200,0.01,6875,1.6491437540302155e-05
200,1200,0.01,6900,1.6413780335003056e-05
200,1200,0.01,6925,1.633686263445653e-05
200,1200,0.01,6950,1.6260673839496066e-05
200,1200,0.01,6975,1.618520358287641e-05
200,1200,0.01,7000,1.6110441685475256e-05
200,1200,0.01,7025,1.603637813331598e-05
200,1200,0.01,7050,1.596300312088888e-05
200,1200,0.01,7075,1.5890307008710296e-05
200,1200,0.01,7100,1.5818280356625844e-05
200,1200,0.01,7125,1.574691386616034e-05
200,1200,0.01,7150,1.5676198432608944e-05
200,1200,0.01,7175,1.56061250848466e-05
200,1200,0.01,7200,1.553687641203845e-05
200,1200,0.01,7225,1.5469298592240936e-05
200,1200,0.01,7250,1.5402301862462407e-05
200,1200,0.01,7275,1.5335878789730223e-05
200,1200,0.01,7300,1.527002207419529e-05
200,1200,0.01,7325,1.5204724546133593e-05
200,1200,0.01,7350,1.513997913372804e-05
200,1200,0.01,7375,1.507577889887056e-05
200,1200,0.01,7400,1.5012117016768682e-05
200,1200,0.01,7425,1.4948986779735919e-05
200,1200,0.01,7450,1.4886381573527528e-05
200,1200,0.01,7475,1.4824294921362592e-05
200,1200,0.01,7500,1.4762720424532291e-05
200,1200,0.01,7525,1.4701651795945118e-05
200,1200,0.01,7550,1.4641082864744713e-05
200,1200,0.01,7575,1.4581007542307546e-05
200,1200,0.01,7600,1.4521419848779853e-05
200,1200,0.01,7625,1.4462313887446225e-05
200,1200,0.01,7650,1.4403683872113958e-05
200,1200,0.01,7675,1.4345524112567391e-05
200,1200,0.01,7700,1.4287828972416733e-05
200,1200,0.01,7725,1.4230592952696117e-05
200,1200,0.01,7750,1.4173810604803903e-05
200,1200,0.01,7775,1.4117476580323071e-05
200,1200,0.01,7800,1.4061585612887284e-05
200,1200,0.01,7825,1.4006132514616035e-05
200,1200,0.01,7850,1.3951112187480554e-05
200,1200,0.01,7875,1.3896519589198277e-05
200,1200,0.01,7900,1.384234979661704e-05
200,1200,0.01,7925,1.3788597923564648e-05
200,1200,0.01,7950,1.3735259161520331e-05
200,1200,0.01,7975,1.3682328790366564e-05
200,1200,0.01,8000,1.3629802163118293e-05
200,1200,0.01,8025,1.357767469501326e-05
200,1200,0.01,8050,1.3525941858129158e-05
200,1200,0.01,8075,1.3474599219645556e-05
200,1200,0.01,8100,1.3423642393151948e-05
200,1200,0.01,8125,1.3373067054558638e-05
200,1200,0.01,8150,1.3322868959597493e-05
200,1200,0.01,8175,1.3273043926525889e-05
200,1200,0.01,8200,1.3223587800852837e-05
200,1200,0.01,8225,1.317449655063082e-05
200,1200,0.01,8250,1.3125766135477224e-05
200,1200,0.01,8275,1.3077392628377087e-05
200,1200,0.01,8300,1.3029372119135324e-05
200,1200,0.01,8325,1.2981700789618626e-05
200,1200,0.01,8350,1.2934374849327829e-05
200,1200,0.01,8375,1.28873905634189e-05
200,1200,0.01,8400,1.284074426568041e-05
200,1200,0.01,8425,1.2794432340050912e-05
200,1200,0.01,8450,1.2748451210241839e-05
200,1200,0.01,8475,1.2702797347882017e-05
200,1200,0.01,8500,1.2657467300301005e-05
200,1200,0.01,8525,1.2612457646474055e-05
200,1200,0.01,8550,1.256776499518851e-05
200,1200,0.01,8575,1.2523386032933445e-05
200,1200,0.01,8600,1.2479317469602826e-05
200,1200,0.01,8625,1.2435556085719016e-05
200,1200,0.01,8650,1.2392098679864585e-05
200,1200,0.01,8675,1.2348942106748216e-05
200,1200,0.01,8700,1.2306083270303102e-05
200,1200,0.01,8725,1.22635191039085e-05
200,1200,0.01,8750,1.222124658194386e-05
200,1200,0.01,8775,1.2179262746149673e-05
200,1200,0.01,8800,1.213756464006014e-05
200,1200,0.01,8825,1.2096149375524605e-05
200,1200,0.01,8850,1.2055014088568385e-05
200,1200,0.01,8875,1.2014155952993003e-05
200,1200,0.01,8900,1.1973572211620293e-05
200,1200,0.01,8925,1.1933260075857113e-05
200,1200,0.01,8950,1.1893216872086929e-05
200,1200,0.01,8975,1.1853439907631193e-05
200,1200,0.01,9000,1.1813926555337938e-05
200,1200,0.01,9025,1.1774674198986555e-05
200,1200,0.01,9050,1.1735680275579488e-05
200,1200,0.01,9075,1.1696942244787678e-05
200,1200,0.01,9100,1.1658457611641616e-05
200,1200,0.01,9125,1.1620223892050245e-05
200,1200,0.01,9150,1.158223866182858e-05
200,1200,0.01,9175,1.1544499499116165e-05
200,1200,0.01,9200,1.150700404207658e-05
200,1200,0.01,9225,1.1469749927049341e-05
200,1200,0.01,9250,1.1432734848684963e-05
200,1200,0.01,9275,1.1395956521734196e-05
200,1200,0.01,9300,1.1359412675276612e-05
200,1200,0.01,9325,1.132310109397492e-05
200,1200,0.01,9350,1.1287019575202152e-05
200,1200,0.01,9375,1.125116593297601e-05
200,1200,0.01,9400,1.1215538038974668e-05
200,1200,0.01,9425,1.118013375807185e-05
200,1200,0.01,9450,1.1144950997010565e-05
200,1200,0.01,9475,1.1109987701220757e-05
200,1200,0.01,9500,1.1075241820594078e-05
200,1200,0.01,9525,1.1040711345979871e-05
200,1200,0.01,9550,1.1006394266778116e-05
200,1200,0.01,9575,1.097228862820352e-05
200,1200,0.01,9600,1.093839249707157e-05
200,1200,0.01,9625,1.0904703934954546e-05
200,1200,0.01,9650,1.0871221060513615e-05
200,1200,0.01,9675,1.0837941991852229e-05
200,1200,0.01,9700,1.0804864883653086e-05
200,1200,0.01,9725,1.0771987896837816e-05
200,1200,0.01,9750,1.0739309242956824e-05
200,1200,0.01,9775,1.0706827116171644e-05
200,1200,0.01,9800,1.0674539764397688e-05
200,1200,0.01,9825,1.0642445441777157e-05
200,1200,0.01,9850,1.0610542434345144e-05
200,1200,0.01,9875,1.0578829032272322e-05
200,1200,0.01,9900,1.0547303556527644e-05
200,1200,0.01,9925,1.0515964345987616e-05
200,1200,0.01,9950,1.048480975870611e-05
200,1200,0.01,9975,1.0453838169701725e-05
200,1200,0.01,10000,1.0423047970260432e-05
200,1200,0.01,10025,1.0392437582362399e-05
200,1200,0.01,10050,1.0362005448117523e-05
200,1200,0.01,10075,1.0331749989106985e-05
200,1200,0.01,10100,1.0301669708107433e-05
200,1200,0.01,10125,1.0271763065773827e-05
200,1200,0.01,10150,1.0242028577645175e-05
200,1200,0.01,10175,1.0212464765253088e-05
200,1200,0.01,10200,1.0183070165745156e-05
200,1200,0.01,10225,1.0153843327886415e-05
200,1200,0.01,10250,1.0124782828109004e-05
200,1200,0.01,10275,1.0095887247566979e-05
200,1200,0.01,10300,1.0067155197194394e-05
200,1200,0.01,10325,1.003858529368979e-05
200,1200,0.01,10350,1.0010176175493865e-05
200,1200,0.01,10375,9.981926464988113e-06
200,1200,0.01,10400,9.95383485742369e-06
200,1200,0.01,10425,9.925900021648393e-06
200,1200,0.01,10450,9.89812064859652e-06
200,1200,0.01,10475,9.870495452580369e-06
200,1200,0.01,10500,9.843023149980895e-06
200,1200,0.01,10525,9.815702484289313e-06
200,1200,0.01,10550,9.788532192469938e-06
200,1200,0.01,10575,9.761511053320814e-06
200,1200,0.01,10600,9.734637835397304e-06
200,1200,0.01,10625,9.707911333351957e-06
200,1200,0.01,10650,9.68133034751767e-06
200,1200,0.01,10675,9.65489370915052e-06
200,1200,0.01,10700,9.62860022333048e-06
200,1200,0.01,10725,9.602448754557e-06
200,1200,0.01,10750,9.576438134321213e-06
200,1200,0.01,10775,9.550567255802757e-06
200,1200,0.01,10800,9.524834977770423e-06
200,1200,0.01,10825,9.499240208606097e-06
200,1200,0.01,10850,9.473781830426214e-06
200,1200,0.01,10875,9.448458775439088e-06
200,1200,0.01,10900,9.423269955696409e-06
200,1200,0.01,10925,9.398214318005922e-06
200,1200,0.01,10950,9.373290811065353e-06
200,1200,0.01,10975,9.348498388018524e-06
200,1200,0.01,11000,9.32383601662777e-06
200,1200,0.01,11025,9.299302693583679e-06
200,1200,0.01,11050,9.274897383860017e-06
200,1200,0.01,11075,9.25061911813841e-06
200,1200,0.01,11100,9.226466891520436e-06
200,1200,0.01,11125,9.202439730625865e-06
200,1200,0.01,11150,9.178536669031574e-06
200,1200,0.01,11175,9.1547567513681e-06
200,1200,0.01,11200,9.13109902024329e-06
200,1200,0.01,11225,9.107562542441834e-06
200,1200,0.01,11250,9.084146394227818e-06
200,1200,0.01,11275,9.060849655917642e-06
200,1200,0.01,11300,9.037671413355403e-06
200,1200,0.01,11325,9.014610767331573e-06
200,1200,0.01,11350,8.991666822550162e-06
200,1200,0.01,11375,8.968838706323833e-06
200,1200,0.01,11400,8.946125538350676e-06
200,1200,0.01,11425,8.92352645727023e-06
200,1200,0.01,11450,8.901040600911049e-06
200,1200,0.01,11475,8.87866713106776e-06
200,1200,0.01,11500,8.856405192140052e-06
200,1200,0.01,11525,8.834253972083046e-06
200,1200,0.01,11550,8.812212631860439e-06
200,1200,0.01,11575,8.790280373947856e-06
200,1200,0.01,11600,8.768456376853119e-06
200,1200,0.01,11625,8.746739846303593e-06
200,1200,0.01,11650,8.725129993605515e-06
200,1200,0.01,11675,8.703626036947638e-06
200,1200,0.01,11700,8.682227194311415e-06
200,1200,0.01,11725,8.660932703969358e-06
200,1200,0.01,11750,8.639741806135137e-06
200,1200,0.01,11775,8.618653745442496e-06
200,1200,0.01,11800,8.597667772184715e-06
200,1200,0.01,11825,8.576783151913701e-06
200,1200,0.01,11850,8.555999141980457e-06
200,1200,0.01,11875,8.535315038250314e-06
200,1200,0.01,11900,8.514730115323499e-06
200,1200,0.01,11925,8.49424364964338e-06
200,1200,0.01,11950,8.473854950962617e-06
200,1200,0.01,11975,8.453563323184386e-06
200,1200,0.01,12000,8.433368064047521e-06
200,1200,0.01,12025,8.413268493395569e-06
200,1200,0.01,12050,8.39326394086893e-06
200,1200,0.01,12075,8.373353730666173e-06
200,1200,0.01,12100,8.353537189086623e-06
200,1200,0.01,12125,8.333813672805473e-06
200,1200,0.01,12150,8.314182521658095e-06
200,1200,0.01,12175,8.2946430774479e-06
200,1200,0.01,12200,8.275194717428241e-06
200,1200,0.01,12225,8.25583680473356e-06
200,1200,0.01,12250,8.23656869783189e-06
200,1200,0.01,12275,8.217389789810271e-06
200,1200,0.01,12300,8.198299441608721e-06
200,1200,0.01,12325,8.179297071666397e-06
200,1200,0.01,12350,8.160382050364547e-06
200,1200,0.01,12375,8.141553779810774e-06
200,1200,0.01,12400,8.122811677133655e-06
200,1200,0.01,12425,8.104155137658026e-06
200,1200,0.01,12450,8.085583594640185e-06
200,1200,0.01,12475,8.067096447648102e-06
200,1200,0.01,12500,8.04869314225548e-06
200,1200,0.01,12525,8.03037310344746e-06
200,1200,0.01,12550,8.012135760202509e-06
200,1200,0.01,12575,7.993980559954823e-06
200,1200,0.01,12600,7.975906961360524e-06
200,1200,0.01,12625,7.957914393777119e-06
200,1200,0.01,12650,7.940002336078063e-06
200,1200,0.01,12675,7.922170227529605e-06
200,1200,0.01,12700,7.904417559352096e-06
200,1200,0.01,12725,7.88674376639778e-06
200,1200,0.01,12750,7.86914836158753e-06
200,1200,0.01,12775,7.85163080618042e-06
200,1200,0.01,12800,7.834190593149735e-06
200,1200,0.01,12825,7.816827201195461e-06
200,1200,0.01,12850,7.799540130608816e-06
200,1200,0.01,12875,7.78232888315293e-06
200,1200,0.01,12900,7.765192953601736e-06
200,1200,0.01,12925,7.748131856099953e-06
200,1200,0.01,12950,7.731145101701024e-06
200,1200,0.01,12975,7.714232190975459e-06
200,1200,0.01,13000,7.697392665352576e-06
200,1200,0.01,13025,7.680626031878607e-06
200,1200,0.01,13050,7.663931834690774e-06
200,1200,0.01,13075,7.647309584773998e-06
200,1200,0.01,13100,7.630758841587447e-06
200,1200,0.01,13125,7.614279125416762e-06
200,1200,0.01,13150,7.597869998263347e-06
200,1200,0.01,13175,7.581530986584123e-06
200,1200,0.01,13200,7.565261654710227e-06
200,1200,0.01,13225,7.549061559247207e-06
200,1200,0.01,13250,7.53293025578753e-06
200,1200,0.01,13275,7.516867315788579e-06
200,1200,0.01,13300,7.500872285879506e-06
200,1200,0.01,13325,7.484944755107789e-06
200,1200,0.01,13350,7.469084291703357e-06
200,1200,0.01,13375,7.4532904707500305e-06
200,1200,0.01,13400,7.4375628790991286e-06
200,1200,0.01,13425,7.421901089866428e-06
200,1200,0.01,13450,7.4063047064056725e-06
200,1200,0.01,13475,7.390773305978628e-06
200,1200,0.01,13500,7.375306495261032e-06
200,1200,0.01,13525,7.359903864649978e-06
200,1200,0.01,13550,7.344565017208642e-06
200,1200,0.01,13575,7.329289556667201e-06
200,1200,0.01,13600,7.314077099859935e-06
200,1200,0.01,13625,7.298927240133833e-06
200,1200,0.01,13650,7.283839609619966e-06
200,1200,0.01,13675,7.2688138157764315e-06
200,1200,0.01,13700,7.253849485608192e-06
200,1200,0.01,13725,7.2389462420436104e-06
200,1200,0.01,13750,7.2241036996652935e-06
200,1200,0.01,13775,7.209321510544091e-06
200,1200,0.01,13800,7.19459928819402e-06
200,1200,0.01,13825,7.17993668486374e-06
200,1200,0.01,13850,7.165333318039785e-06
200,1200,0.01,13875,7.150788846109132e-06
200,1200,0.01,13900,7.136302911562621e-06
200,1200,0.01,13925,7.121875157782738e-06
200,1200,0.01,13950,7.107505236344201e-06
200,1200,0.01,13975,7.0931928050519885e-06
200,1200,0.01,14000,7.078937506500155e-06
200,1200,0.01,14025,7.064739019353727e-06
200,1200,0.01,14050,7.0505969874228025e-06
200,1200,0.01,14075,7.036511076669895e-06
200,1200,0.01,14100,7.022480966253561e-06
200,1200,0.01,14125,7.008506310904848e-06
200,1200,0.01,14150,6.994586794451321e-06
200,1200,0.01,14175,6.980722085162677e-06
200,1200,0.01,14200,6.966911855726954e-06
200,1200,0.01,14225,6.953155797202043e-06
200,1200,0.01,14250,6.9394535765019555e-06
200,1200,0.01,14275,6.9258048949524115e-06
200,1200,0.01,14300,6.912209424529345e-06
200,1200,0.01,14325,6.898666863481076e-06
200,1200,0.01,14350,6.885176907741805e-06
200,1200,0.01,14375,6.871739234953073e-06
200,1200,0.01,14400,6.858353556292961e-06
200,1200,0.01,14425,6.845019566758918e-06
200,1200,0.01,14450,6.831736964777076e-06
200,1200,0.01,14475,6.8185054555736785e-06
200,1200,0.01,14500,6.8053247558041985e-06
200,1200,0.01,14525,6.792194550745562e-06
200,1200,0.01,14550,6.779114567190964e-06
200,1200,0.01,14575,6.766084512855111e-06
200,1200,0.01,14600,6.753104106681576e-06
200,1200,0.01,14625,6.740173057695649e-06
200,1200,0.01,14650,6.727291090228085e-06
200,1200,0.01,14675,6.714457932798998e-06
200,1200,0.01,14700,6.7016732805107865e-06
200,1200,0.01,14725,6.68893689650691e-06
200,1200,0.01,14750,6.6762484892402e-06
200,1200,0.01,14775,6.663607775166634e-06
200,1200,0.01,14800,6.6510145096208145e-06
200,1200,0.01,14825,6.63846841653104e-06
200,1200,0.01,14850,6.6259692327111375e-06
200,1200,0.01,14875,6.6135166936045e-06
200,1200,0.01,14900,6.601110528057369e-06
200,1200,0.01,14925,6.588750489879523e-06
200,1200,0.01,14950,6.576436326096238e-06
200,1200,0.01,14975,6.564167778141776e-06
200,1200,0.01,15000,6.551944590150495e-06
200,1200,0.01,15025,6.5397664997116425e-06
200,1200,0.01,15050,6.5276332808957005e-06
200,1200,0.01,15075,6.5155446801745676e-06
200,1200,0.01,15100,6.503500435509589e-06
200,1200,0.01,15125,6.491500319551376e-06
200,1200,0.01,15150,6.479544086702982e-06
200,1200,0.01,15175,6.467631493421375e-06
200,1200,0.01,15200,6.4557623028855746e-06
200,1200,0.01,15225,6.443936276918916e-06
200,1200,0.01,15250,6.432153180147178e-06
200,1200,0.01,15275,6.420412790282028e-06
200,1200,0.01,15300,6.408714857144247e-06
200,1200,0.01,15325,6.397059166496355e-06
200,1200,0.01,15350,6.385445475418951e-06
200,1200,0.01,15375,6.3738735758579745e-06
200,1200,0.01,15400,6.362343228189134e-06
200,1200,0.01,15425,6.350854203617147e-06
200,1200,0.01,15450,6.339406295100165e-06
200,1200,0.01,15475,6.327999280540675e-06
200,1200,0.01,15500,6.316632935065604e-06
200,1200,0.01,15525,6.305307043687203e-06
200,1200,0.01,15550,6.294021385532672e-06
200,1200,0.01,15575,6.282775758887499e-06
200,1200,0.01,15600,6.271569940360933e-06
200,1200,0.01,15625,6.260403723211232e-06
200,1200,0.01,15650,6.249276899632401e-06
200,1200,0.01,15675,6.238189262540959e-06
200,1200,0.01,15700,6.227140596363687e-06
200,1200,0.01,15725,6.216130699205659e-06
200,1200,0.01,15750,6.205159379523047e-06
200,1200,0.01,15775,6.194226417000764e-06
200,1200,0.01,15800,6.183331621589447e-06
200,1200,0.01,15825,6.172474791952751e-06
200,1200,0.01,15850,6.161655724770676e-06
200,1200,0.01,15875,6.150874221403507e-06
200,1200,0.01,15900,6.140130107965165e-06
200,1200,0.01,15925,6.129423168188541e-06
200,1200,0.01,15950,6.1187532121387625e-06
200,1200,0.01,15975,6.108120057603944e-06
200,1200,0.01,16000,6.097523505521965e-06
200,1200,0.01,16025,6.086963381097751e-06
200,1200,0.01,16050,6.076439477469865e-06
200,1200,0.01,16075,6.0659516223230195e-06
200,1200,0.01,16100,6.055499616394733e-06
200,1200,0.01,16125,6.045083296725082e-06
200,1200,0.01,16150,6.034702462392322e-06
200,1200,0.01,16175,6.024356940737691e-06
200,1200,0.01,16200,6.014046555193227e-06
200,1200,0.01,16225,6.003771129455514e-06
200,1200,0.01,16250,5.993530461993919e-06
200,1200,0.01,16275,5.98332440587563e-06
200,1200,0.01,16300,5.973152775373344e-06
200,1200,0.01,16325,5.9630153900341876e-06
200,1200,0.01,16350,5.952912084567635e-06
200,1200,0.01,16375,5.942842682730119e-06
200,1200,0.01,16400,5.932807021118494e-06
200,1200,0.01,16425,5.922804924286297e-06
200,1200,0.01,16450,5.912836220454271e-06
200,1200,0.01,16475,5.9029007540168515e-06
200,1200,0.01,16500,5.892998351071481e-06
200,1200,0.01,16525,5.88312885091858e-06
200,1200,0.01,16550,5.873292083485859e-06
200,1200,0.01,16575,5.863487892872853e-06
200,1200,0.01,16600,5.853716110554644e-06
200,1200,0.01,16625,5.843976584668335e-06
200,1200,0.01,16650,5.834269152382374e-06
200,1200,0.01,16675,5.8245936486248095e-06
200,1200,0.01,16700,5.814949925508732e-06
200,1200,0.01,16725,5.805337817983876e-06
200,1200,0.01,16750,5.795757178636042e-06
200,1200,0.01,16775,5.786207847859395e-06
200,1200,0.01,16800,5.776689680292782e-06
200,1200,0.01,16825,5.767202512705662e-06
200,1200,0.01,16850,5.7577462037545005e-06
200,1200,0.01,16875,5.748320592206292e-06
200,1200,0.01,16900,5.738925538368092e-06
200,1200,0.01,16925,5.729560889859188e-06
200,1200,0.01,16950,5.720226494753365e-06
200,1200,0.01,16975,5.7109222166128876e-06
200,1200,0.01,17000,5.701647903190617e-06
200,1200,0.01,17025,5.692403408787995e-06
200,1200,0.01,17050,5.683188605275745e-06
200,1200,0.01,17075,5.6740033229849e-06
200,1200,0.01,17100,5.664847442999298e-06
200,1200,0.01,17125,5.655720811098552e-06
200,1200,0.01,17150,5.64662329161341e-06
200,1200,0.01,17175,5.637554746380086e-06
200,1200,0.01,17200,5.6285150403226e-06
200,1200,0.01,17225,5.619504027888113e-06
200,1200,0.01,17250,5.610521579034813e-06
200,1200,0.01,17275,5.601567551142411e-06
200,1200,0.01,17300,5.59264181906622e-06
200,1200,0.01,17325,5.583744242866097e-06
200,1200,0.01,17350,5.5748746847104555e-06
200,1200,0.01,17375,5.566033028208024e-06
200,1200,0.01,17400,5.55721912728728e-06
200,1200,0.01,17425,5.548432858243357e-06
200,1200,0.01,17450,5.539674090206982e-06
200,1200,0.01,17475,5.530942692221277e-06
200,1200,0.01,17500,5.5222385314471906e-06
200,1200,0.01,17525,5.513561489133359e-06
200,1200,0.01,17550,5.504911441182002e-06
200,1200,0.01,17575,5.496288255134839e-06
200,1200,0.01,17600,5.487691802047272e-06
200,1200,0.01,17625,5.4791219623569545e-06
200,1200,0.01,17650,5.470578619328273e-06
200,1200,0.01,17675,5.462061640247942e-06
200,1200,0.01,17700,5.45357091040477e-06
200,1200,0.01,17725,5.445106300866302e-06
200,1200,0.01,17750,5.436667695712244e-06
200,1200,0.01,17775,5.428254978714388e-06
200,1200,0.01,17800,5.419868026315319e-06
200,1200,0.01,17825,5.411506722857555e-06
200,1200,0.01,17850,5.4031709465097305e-06
200,1200,0.01,17875,5.394860586943433e-06
200,1200,0.01,17900,5.3865755240620206e-06
200,1200,0.01,17925,5.378315631719005e-06
200,1200,0.01,17950,5.3700808214712445e-06
200,1200,0.01,17975,5.361870954749028e-06
200,1200,0.01,18000,5.353685930646092e-06
200,1200,0.01,18025,5.345525636318675e-06
200,1200,0.01,18050,5.337389955388516e-06
200,1200,0.01,18075,5.32927877532844e-06
200,1200,0.01,18100,5.3211919901589855e-06
200,1200,0.01,18125,5.313129491712337e-06
200,1200,0.01,18150,5.3050911719932856e-06
200,1200,0.01,18175,5.297076906081791e-06
200,1200,0.01,18200,5.289086604868577e-06
200,1200,0.01,18225,5.281120145949822e-06
200,1200,0.01,18250,5.273177438592548e-06
200,1200,0.01,18275,5.2652583670681485e-06
200,1200,0.01,18300,5.257362827773733e-06
200,1200,0.01,18325,5.249490718153317e-06
200,1200,0.01,18350,5.2416419263892275e-06
200,1200,0.01,18375,5.233816354807859e-06
200,1200,0.01,18400,5.22601389753817e-06
200,1200,0.01,18425,5.218234465839515e-06
200,1200,0.01,18450,5.210477929363903e-06
200,1200,0.01,18475,5.202744222926499e-06
200,1200,0.01,18500,5.195033219896825e-06
200,1200,0.01,18525,5.187344834092084e-06
200,1200,0.01,18550,5.179678954778805e-06
200,1200,0.01,18575,5.172035485182837e-06
200,1200,0.01,18600,5.164414330766955e-06
200,1200,0.01,18625,5.156815399625508e-06
200,1200,0.01,18650,5.149238579481991e-06
200,1200,0.01,18675,5.141683789041188e-06
200,1200,0.01,18700,5.134150930279947e-06
200,1200,0.01,18725,5.126639893040727e-06
200,1200,0.01,18750,5.119150601539529e-06
200,1200,0.01,18775,5.111682958377703e-06
200,1200,0.01,18800,5.104236854821045e-06
200,1200,0.01,18825,5.096812212556333e-06
200,1200,0.01,18850,5.089408924558066e-06
200,1200,0.01,18875,5.0820269170076884e-06
200,1200,0.01,18900,5.074666092744207e-06
200,1200,0.01,18925,5.067326347722376e-06
200,1200,0.01,18950,5.0600076160253055e-06
200,1200,0.01,18975,5.052709780828911e-06
200,1200,0.01,19000,5.045432766644098e-06
200,1200,0.01,19025,5.03817648513788e-06
200,1200,0.01,19050,5.030940843486938e-06
200,1200,0.01,19075,5.023725755412198e-06
200,1200,0.01,19100,5.0165311332572154e-06
200,1200,0.01,19125,5.009356882455275e-06
200,1200,0.01,19150,5.002202936900402e-06
200,1200,0.01,19175,4.995069195419186e-06
200,1200,0.01,19200,4.987955567992489e-06
200,1200,0.01,19225,4.980861983020467e-06
200,1200,0.01,19250,4.973788343967493e-06
200,1200,0.01,19275,4.966734577885844e-06
200,1200,0.01,19300,4.959700592169908e-06
200,1200,0.01,19325,4.952686303695206e-06
200,1200,0.01,19350,4.945691639558249e-06
200,1200,0.01,19375,4.938716509334841e-06
200,1200,0.01,19400,4.931760830433063e-06
200,1200,0.01,19425,4.924824527708163e-06
200,1200,0.01,19450,4.917907518421638e-06
200,1200,0.01,19475,4.911009712711342e-06
200,1200,0.01,19500,4.9041310449622275e-06
200,1200,0.01,19525,4.897271422098573e-06
200,1200,0.01,19550,4.89043077891993e-06
200,1200,0.01,19575,4.883609023899685e-06
200,1200,0.01,19600,4.8768060969617624e-06
200,1200,0.01,19625,4.870021892135375e-06
200,1200,0.01,19650,4.863256354905102e-06
200,1200,0.01,19675,4.856509405381723e-06
200,1200,0.01,19700,4.8497809610782705e-06
200,1200,0.01,19725,4.84307094744587e-06
200,1200,0.01,19750,4.836379291916701e-06
200,1200,0.01,19775,4.829705913128764e-06
200,1200,0.01,19800,4.823050737654683e-06
200,1200,0.01,19825,4.816413705999514e-06
200,1200,0.01,19850,4.809794711136892e-06
200,1200,0.01,19875,4.8031937219319976e-06
200,1200,0.01,19900,4.796610628641021e-06
200,1200,0.01,19925,4.790045376221186e-06
200,1200,0.01,19950,4.783497886890961e-06
200,1200,0.01,19975,4.77696809385135e-06
200,1200,0.01,20000,4.770455926721151e-06
200,1200,0.01,20025,4.763961307448217e-06
200,1200,0.01,20050,4.757484157289112e-06
200,1200,0.01,20075,4.751024425844914e-06
200,1200,0.01,20100,4.744582026906807e-06
200,1200,0.01,20125,4.7381569039193355e-06
200,1200,0.01,20150,4.7317489735229645e-06
200,1200,0.01,20175,4.725358180216951e-06
200,1200,0.01,20200,4.718984442119746e-06
200,1200,0.01,20225,4.7126277099478545e-06
200,1200,0.01,20250,4.706287893025546e-06
200,1200,0.01,20275,4.699964933728776e-06
200,1200,0.01,20300,4.693658772176625e-06
200,1200,0.01,20325,4.687369328266501e-06
200,1200,0.01,20350,4.681096548884642e-06
200,1200,0.01,20375,4.6748403569520786e-06
200,1200,0.01,20400,4.668600690477601e-06
200,1200,0.01,20425,4.6623774846701535e-06
200,1200,0.01,20450,4.656170678552472e-06
200,1200,0.01,20475,4.649980205631739e-06
200,1200,0.01,20500,4.643805993376562e-06
200,1200,0.01,20525,4.637647975864849e-06
200,1200,0.01,20550,4.631506103650908e-06
200,1200,0.01,20575,4.625380309053635e-06
200,1200,0.01,20600,4.619270531829554e-06
200,1200,0.01,20625,4.613176692912571e-06
200,1200,0.01,20650,4.607098743245573e-06
200,1200,0.01,20675,4.6010366253424265e-06
200,1200,0.01,20700,4.594990263250866e-06
200,1200,0.01,20725,4.588959609056961e-06
200,1200,0.01,20750,4.582944598444973e-06
200,1200,0.01,20775,4.576945154431342e-06
200,1200,0.01,20800,4.570961242933089e-06
200,1200,0.01,20825,4.564992786080212e-06
200,1200,0.01,20850,4.559039725871364e-06
200,1200,0.01,20875,4.55310201310892e-06
200,1200,0.01,20900,4.547179572282102e-06
200,1200,0.01,20925,4.5412723626925625e-06
200,1200,0.01,20950,4.535380309376828e-06
200,1200,0.01,20975,4.529503359019041e-06
200,1200,0.01,21000,4.523641457992826e-06
200,1200,0.01,21025,4.517794552255476e-06
200,1200,0.01,21050,4.511962575633362e-06
200,1200,0.01,21075,4.5061454655888344e-06
200,1200,0.01,21100,4.500343175768348e-06
200,1200,0.01,21125,4.4945556570740244e-06
200,1200,0.01,21150,4.488782837284988e-06
200,1200,0.01,21175,4.483024665240774e-06
200,1200,0.01,21200,4.477281079304056e-06
200,1200,0.01,21225,4.471552044510614e-06
200,1200,0.01,21250,4.465837485417325e-06
200,1200,0.01,21275,4.46013735290636e-06
200,1200,0.01,21300,4.454451596056647e-06
200,1200,0.01,21325,4.448780159832348e-06
200,1200,0.01,21350,4.443122988121231e-06
200,1200,0.01,21375,4.437480027575345e-06
200,1200,0.01,21400,4.431851216504454e-06
200,1200,0.01,21425,4.4262365198576015e-06
200,1200,0.01,21450,4.420635874399781e-06
200,1200,0.01,21475,4.415049227077944e-06
200,1200,0.01,21500,4.409476521060815e-06
200,1200,0.01,21525,4.40391771231851e-06
200,1200,0.01,21550,4.398372749210913e-06
200,1200,0.01,21575,4.392841568053724e-06
200,1200,0.01,21600,4.387324136242814e-06
200,1200,0.01,21625,4.381820385751002e-06
200,1200,0.01,21650,4.3763302776658394e-06
200,1200,0.01,21675,4.370853747514593e-06
200,1200,0.01,21700,4.365390759299148e-06
200,1200,0.01,21725,4.359941262027309e-06
200,1200,0.01,21750,4.354505186845298e-06
200,1200,0.01,21775,4.349082509447905e-06
200,1200,0.01,21800,4.3436731646017204e-06
200,1200,0.01,21825,4.338277112583312e-06
200,1200,0.01,21850,4.332894293660947e-06
200,1200,0.01,21875,4.327524678934998e-06
200,1200,0.01,21900,4.322168190361124e-06
200,1200,0.01,21925,4.316824801302646e-06
200,1200,0.01,21950,4.311494455715853e-06
200,1200,0.01,21975,4.306177113328272e-06
200,1200,0.01,22000,4.300872720067704e-06
200,1200,0.01,22025,4.295581229030697e-06
200,1200,0.01,22050,4.29030259239873e-06
200,1200,0.01,22075,4.2850367684144075e-06
200,1200,0.01,22100,4.279783703484315e-06
200,1200,0.01,22125,4.274543360105465e-06
200,1200,0.01,22150,4.269315688010776e-06
200,1200,0.01,22175,4.264100637633127e-06
200,1200,0.01,22200,4.258898163010151e-06
200,1200,0.01,22225,4.253708223335949e-06
200,1200,0.01,22250,4.248530774951867e-06
200,1200,0.01,22275,4.243365766693971e-06
200,1200,0.01,22300,4.238213163859118e-06
200,1200,0.01,22325,4.233072908687956e-06
200,1200,0.01,22350,4.227944967842567e-06
200,1200,0.01,22375,4.2228292830960926e-06
200,1200,0.01,22400,4.217725824442152e-06
200,1200,0.01,22425,4.212634542524393e-06
200,1200,0.01,22450,4.207555399150277e-06
200,1200,0.01,22475,4.202488348598564e-06
200,1200,0.01,22500,4.1974333377095205e-06
200,1200,0.01,22525,4.192390325933118e-06
200,1200,0.01,22550,4.187359290848056e-06
200,1200,0.01,22575,4.182340168940035e-06
200,1200,0.01,22600,4.177332927074104e-06
200,1200,0.01,22625,4.172337512269204e-06
200,1200,0.01,22650,4.167353894999476e-06
200,1200,0.01,22675,4.162382032642763e-06
200,1200,0.01,22700,4.157421873569357e-06
200,1200,0.01,22725,4.152473392728985e-06
200,1200,0.01,22750,4.1475365248960436e-06
200,1200,0.01,22775,4.142611254855273e-06
200,1200,0.01,22800,4.1376975319865755e-06
200,1200,0.01,22825,4.132795316907391e-06
200,1200,0.01,22850,4.127904556638397e-06
200,1200,0.01,22875,4.123025224954911e-06
200,1200,0.01,22900,4.118157278450683e-06
200,1200,0.01,22925,4.113300674005692e-06
200,1200,0.01,22950,4.108455377136236e-06
200,1200,0.01,22975,4.103621343445538e-06
200,1200,0.01,23000,4.098798541888986e-06
200,1200,0.01,23025,4.093986925003679e-06
200,1200,0.01,23050,4.08918645529617e-06
200,1200,0.01,23075,4.084397096364156e-06
200,1200,0.01,23100,4.079618815009366e-06
200,1200,0.01,23125,4.074851557568995e-06
200,1200,0.01,23150,4.0700952985174566e-06
200,1200,0.01,23175,4.065349998756684e-06
200,1200,0.01,23200,4.06061561464624e-06
200,1200,0.01,23225,4.05589211244662e-06
200,1200,0.01,23250,4.051179463752594e-06
200,1200,0.01,23275,4.046477610221942e-06
200,1200,0.01,23300,4.0417865298306155e-06
200,1200,0.01,23325,4.03710618527859e-06
200,1200,0.01,23350,4.03243652846632e-06
200,1200,0.01,23375,4.027777540295367e-06
200,1200,0.01,23400,4.023129169349396e-06
200,1200,0.01,23425,4.018491385668864e-06
200,1200,0.01,23450,4.013864157724305e-06
200,1200,0.01,23475,4.009247437317294e-06
200,1200,0.01,23500,4.0046411979473284e-06
200,1200,0.01,23525,4.000045402112289e-06
200,1200,0.01,23550,3.995460014709178e-06
200,1200,0.01,23575,3.990884992670016e-06
200,1200,0.01,23600,3.986320316361203e-06
200,1200,0.01,23625,3.981765943170991e-06
200,1200,0.01,23650,3.977221834156573e-06
200,1200,0.01,23675,3.972687949900695e-06
200,1200,0.01,23700,3.968164274630384e-06
200,1200,0.01,23725,3.963650763562018e-06
200,1200,0.01,23750,3.9591473761152116e-06
200,1200,0.01,23775,3.954654086204927e-06
200,1200,0.01,23800,3.950170858282344e-06
200,1200,0.01,23825,3.945697652019478e-06
200,1200,0.01,23850,3.941234448878207e-06
200,1200,0.01,23875,3.936781207294557e-06
200,1200,0.01,23900,3.93233788299318e-06
200,1200,0.01,23925,3.927904460365034e-06
200,1200,0.01,23950,3.923480898913e-06
200,1200,0.01,23975,3.91906716196589e-06
200,1200,0.01,24000,3.914663219916313e-06
200,1200,0.01,24025,3.910269047224801e-06
200,1200,0.01,24050,3.905884604312772e-06
200,1200,0.01,24075,3.901509862360396e-06
200,1200,0.01,24100,3.897144781560974e-06
200,1200,0.01,24125,3.8927893351902235e-06
200,1200,0.01,24150,3.8884434936979975e-06
200,1200,0.01,24175,3.8841072220446166e-06
200,1200,0.01,24200,3.879780484090586e-06
200,1200,0.01,24225,3.87546326493203e-06
200,1200,0.01,24250,3.871155510889665e-06
200,1200,0.01,24275,3.86685721105208e-06
200,1200,0.01,24300,3.862568325295988e-06
200,1200,0.01,24325,3.8582888177611865e-06
200,1200,0.01,24350,3.854018667929365e-06
200,1200,0.01,24375,3.849757836253166e-06
200,1200,0.01,24400,3.845506286905345e-06
200,1200,0.01,24425,3.841264015863946e-06
200,1200,0.01,24450,3.8370309726771384e-06
200,1200,0.01,24475,3.832807130963248e-06
200,1200,0.01,24500,3.828592447385412e-06
200,1200,0.01,24525,3.824386915830466e-06
200,1200,0.01,24550,3.82019049054768e-06
200,1200,0.01,24575,3.816003150885171e-06
200,1200,0.01,24600,3.811824866539054e-06
200,1200,0.01,24625,3.8076555972516024e-06
200,1200,0.01,24650,3.8034953292621215e-06
200,1200,0.01,24675,3.7993440240883733e-06
200,1200,0.01,24700,3.7952016503578836e-06
200,1200,0.01,24725,3.79106819064709e-06
200,1200,0.01,24750,3.7869436060791045e-06
200,1200,0.01,24775,3.782827864221537e-06
200,1200,0.01,24800,3.778720954581913e-06
200,1200,0.01,24825,3.7746228338181656e-06
200,1200,0.01,24850,3.770533475817503e-06
200,1200,0.01,24875,3.7664528584257714e-06
200,1200,0.01,24900,3.7623809492235913e-06
200,1200,0.01,24925,3.758317716599964e-06
200,1200,0.01,24950,3.754263144126191e-06
200,1200,0.01,24975,3.7502171978615398e-06
200,1200,0.01,25000,3.7461798378353797e-06
200,1200,0.01,25025,3.742151056112218e-06
200,1200,0.01,25050,3.738130821297897e-06
200,1200,0.01,25075,3.7341190971575122e-06
200,1200,0.01,25100,3.730115868556469e-06
200,1200,0.01,25125,3.726121099485377e-06
200,1200,0.01,25150,3.7221347636831256e-06
200,1200,0.01,25175,3.718156845738431e-06
200,1200,0.01,25200,3.7141872944344498e-06
200,1200,0.01,25225,3.7102261056572855e-06
200,1200,0.01,25250,3.706273258493112e-06
200,1200,0.01,25275,3.702328697959001e-06
200,1200,0.01,25300,3.6983924293606044e-06
200,1200,0.01,25325,3.694464402397013e-06
200,1200,0.01,25350,3.6905446048748555e-06
200,1200,0.01,25375,3.6866329977021384e-06
200,1200,0.01,25400,3.6827295797226683e-06
200,1200,0.01,25425,3.6788342987204015e-06
200,1200,0.01,25450,3.6749471478978238e-06
200,1200,0.01,25475,3.6710680859641798e-06
200,1200,0.01,25500,3.667197103578851e-06
200,1200,0.01,25525,3.6633341636187547e-06
200,1200,0.01,25550,3.659479247275152e-06
200,1200,0.01,25575,3.6556323291837833e-06
200,1200,0.01,25600,3.651793378591471e-06
200,1200,0.01,25625,3.6479623801875458e-06
200,1200,0.01,25650,3.644139302250854e-06
200,1200,0.01,25675,3.640324125281369e-06
200,1200,0.01,25700,3.6365168231662984e-06
200,1200,0.01,25725,3.6327173629398246e-06
200,1200,0.01,25750,3.62892573040844e-06
200,1200,0.01,25775,3.6251419084894557e-06
200,1200,0.01,25800,3.621365856133242e-06
200,1200,0.01,25825,3.6175975570880425e-06
200,1200,0.01,25850,3.6138369815218174e-06
200,1200,0.01,25875,3.610084126742276e-06
200,1200,0.01,25900,3.6063389403121968e-06
200,1200,0.01,25925,3.602601404356122e-06
200,1200,0.01,25950,3.5988715255882986e-06
200,1200,0.01,25975,3.595149245829571e-06
200,1200,0.01,26000,3.591434561095279e-06
200,1200,0.01,26025,3.587727434261473e-06
200,1200,0.01,26050,3.5840278511016857e-06
200,1200,0.01,26075,3.580335787860614e-06
200,1200,0.01,26100,3.576651216058435e-06
200,1200,0.01,26125,3.5729741269798984e-06
200,1200,0.01,26150,3.5693044816752575e-06
200,1200,0.01,26175,3.5656422623072184e-06
200,1200,0.01,26200,3.5619874544715047e-06
200,1200,0.01,26225,3.558340028434956e-06
200,1200,0.01,26250,3.5546999631050694e-06
200,1200,0.01,26275,3.5510672353206846e-06
200,1200,0.01,26300,3.547441820870266e-06
200,1200,0.01,26325,3.5438237123283298e-06
200,1200,0.01,26350,3.540212861766201e-06
200,1200,0.01,26375,3.5366092621218204e-06
200,1200,0.01,26400,3.5330128997507204e-06
200,1200,0.01,26425,3.5294237400703213e-06
200,1200,0.01,26450,3.5258417677075035e-06
200,1200,0.01,26475,3.522266955013377e-06
200,1200,0.01,26500,3.5186992872653436e-06
200,1200,0.01,26525,3.5151387404860554e-06
200,1200,0.01,26550,3.511585293617704e-06
200,1200,0.01,26575,3.5080389225693176e-06
200,1200,0.01,26600,3.504499615160535e-06
200,1200,0.01,26625,3.500967335715033e-06
200,1200,0.01,26650,3.4974420750275015e-06
200,1200,0.01,26675,3.4939238053744576e-06
200,1200,0.01,26700,3.4904125133317435e-06
200,1200,0.01,26725,3.4869081777634883e-06
200,1200,0.01,26750,3.4834107635389397e-06
200,1200,0.01,26775,3.4799202718524547e-06
200,1200,0.01,26800,3.4764366645774133e-06
200,1200,0.01,26825,3.4729599341191963e-06
200,1200,0.01,26850,3.469490048406236e-06
200,1200,0.01,26875,3.466026992451389e-06
200,1200,0.01,26900,3.462570757334707e-06
200,1200,0.01,26925,3.4591213043449684e-06
200,1200,0.01,26950,3.4556786211534934e-06
200,1200,0.01,26975,3.4522426926291566e-06
200,1200,0.01,27000,3.4488134863742623e-06
200,1200,0.01,27025,3.4453909935720783e-06
200,1200,0.01,27050,3.441975199263217e-06
200,1200,0.01,27075,3.4385660666472542e-06
200,1200,0.01,27100,3.435163597987137e-06
200,1200,0.01,27125,3.4317677458008816e-06
200,1200,0.01,27150,3.4283785234519304e-06
200,1200,0.01,27175,3.4249958837081e-06
200,1200,0.01,27200,3.421619818891504e-06
200,1200,0.01,27225,3.4182503141789305e-06
200,1200,0.01,27250,3.414887335405868e-06
200,1200,0.01,27275,3.41153089484722e-06
200,1200,0.01,27300,3.4081809365616236e-06
200,1200,0.01,27325,3.404837459549878e-06
200,1200,0.01,27350,3.4015004499116444e-06
200,1200,0.01,27375,3.3981698760524037e-06
200,1200,0.01,27400,3.3948457308615246e-06
200,1200,0.01,27425,3.3915279938198303e-06
200,1200,0.01,27450,3.3882166325617177e-06
200,1200,0.01,27475,3.3849116479771e-06
200,1200,0.01,27500,3.381613008857434e-06
200,1200,0.01,27525,3.378320698136511e-06
200,1200,0.01,27550,3.3750347088086496e-06
200,1200,0.01,27575,3.371755011849324e-06
200,1200,0.01,27600,3.36848158881322e-06
200,1200,0.01,27625,3.3652144294507233e-06
200,1200,0.01,27650,3.361953505434667e-06
200,1200,0.01,27675,3.3586988096717674e-06
200,1200,0.01,27700,3.3554503164646976e-06
200,1200,0.01,27725,3.3522080186837444e-06
200,1200,0.01,27750,3.348971885630374e-06
200,1200,0.01,27775,3.3457419012367096e-06
200,1200,0.01,27800,3.34251805451935e-06
200,1200,0.01,27825,3.3393003272133917e-06
200,1200,0.01,27850,3.336088702448649e-06
200,1200,0.01,27875,3.3328831568401815e-06
200,1200,0.01,27900,3.3296836746800687e-06
200,1200,0.01,27925,3.326490249404117e-06
200,1200,0.01,27950,3.323302846425409e-06
200,1200,0.01,27975,3.320121463668349e-06
200,1200,0.01,28000,3.3169460793135846e-06
200,1200,0.01,28025,3.3137766701496485e-06
200,1200,0.01,28050,3.3106132218832865e-06
200,1200,0.01,28075,3.30745573005279e-06
200,1200,0.01,28100,3.3043041578924293e-06
200,1200,0.01,28125,3.3011585135259147e-06
200,1200,0.01,28150,3.298018747774703e-06
200,1200,0.01,28175,3.294884874663166e-06
200,1200,0.01,28200,3.291756859077899e-06
200,1200,0.01,28225,3.288634692690494e-06
200,1200,0.01,28250,3.2855183587443895e-06
200,1200,0.01,28275,3.282407836690919e-06
200,1200,0.01,28300,3.2793031161668443e-06
200,1200,0.01,28325,3.2762041774995337e-06
200,1200,0.01,28350,3.2731109995886784e-06
200,1200,0.01,28375,3.2700235703363167e-06
200,1200,0.01,28400,3.2669418871134753e-06
200,1200,0.01,28425,3.2638659108541815e-06
200,1200,0.01,28450,3.2607956454381443e-06
200,1200,0.01,28475,3.2577310581519484e-06
200,1200,0.01,28500,3.254672144630162e-06
200,1200,0.01,28525,3.251618888767613e-06
200,1200,0.01,28550,3.248571260183221e-06
200,1200,0.01,28575,3.2455292667491614e-06
200,1200,0.01,28600,3.242492875147468e-06
200,1200,0.01,28625,3.2394620820119097e-06
200,1200,0.01,28650,3.2364368593006815e-06
200,1200,0.01,28675,3.233417199454726e-06
200,1200,0.01,28700,3.230403095302696e-06
200,1200,0.01,28725,3.227394509926207e-06
200,1200,0.01,28750,3.224391444419869e-06
200,1200,0.01,28775,3.2213938853465143e-06
200,1200,0.01,28800,3.218401806115434e-06
200,1200,0.01,28825,3.215415198902158e-06
200,1200,0.01,28850,3.212434046517311e-06
200,1200,0.01,28875,3.2094583363633314e-06
200,1200,0.01,28900,3.2064880463528525e-06
200,1200,0.01,28925,3.2035231732462782e-06
200,1200,0.01,28950,3.200563694191229e-06
200,1200,0.01,28975,3.1976095982589464e-06
200,1200,0.01,29000,3.1946608649545405e-06
200,1200,0.01,29025,3.1917174883183685e-06
200,1200,0.01,29050,3.1887794460149985e-06
200,1200,0.01,29075,3.185846728689934e-06
200,1200,0.01,29100,3.1829193205363746e-06
200,1200,0.01,29125,3.1799972101502483e-06
200,1200,0.01,29150,3.177080378181582e-06
200,1200,0.01,29175,3.1741688065519552e-06
200,1200,0.01,29200,3.1712624915776824e-06
200,1200,0.01,29225,3.1683614139773122e-06
200,1200,0.01,29250,3.165465558231141e-06
200,1200,0.01,29275,3.1625749153732508e-06
200,1200,0.01,29300,3.1596894566384565e-06
200,1200,0.01,29325,3.1568091849549715e-06
200,1200,0.01,29350,3.1539340841152744e-06
200,1200,0.01,29375,3.1510641362742647e-06
200,1200,0.01,29400,3.148199325998975e-06
200,1200,0.01,29425,3.1453396377419465e-06
200,1200,0.01,29450,3.142485061373261e-06
200,1200,0.01,29475,3.1396355923193203e-06
200,1200,0.01,29500,3.136791200238076e-06
200,1200,0.01,29525,3.133951881575947e-06
200,1200,0.01,29550,3.1311176179032313e-06
200,1200,0.01,29575,3.1282883982191798e-06
200,1200,0.01,29600,3.125464218617195e-06
200,1200,0.01,29625,3.1226450421979746e-06
200,1200,0.01,29650,3.1198308743677836e-06
200,1200,0.01,29675,3.117021702197728e-06
200,1200,0.01,29700,3.114217502988084e-06
200,1200,0.01,29725,3.111418270665585e-06
200,1200,0.01,29750,3.1086239805650645e-06
200,1200,0.01,29775,3.105834635338048e-06
200,1200,0.01,29800,3.103050218356343e-06
200,1200,0.01,29825,3.1002707053346887e-06
200,1200,0.01,29850,3.0974960988933847e-06
200,1200,0.01,29875,3.094726372884944e-06
200,1200,0.01,29900,3.091961516342445e-06
200,1200,0.01,29925,3.089201518296364e-06
200,1200,0.01,29950,3.0864463793078833e-06
200,1200,0.01,29975,3.083696066780682e-06
200,1200,0.01,30000,3.080950578211554e-06
200,1200,0.01,30025,3.078209901654326e-06
200,1200,0.01,30050,3.075474015008621e-06
200,1200,0.01,30075,3.0727429109530385e-06
200,1200,0.01,30100,3.0700165894893133e-06
200,1200,0.01,30125,3.067295012628736e-06
200,1200,0.01,30150,3.064578192500493e-06
200,1200,0.01,30175,3.0618661047473322e-06
200,1200,0.01,30200,3.0591587358696354e-06
200,1200,0.01,30225,3.056456078938917e-06
200,1200,0.01,30250,3.0537581169973876e-06
200,1200,0.01,30275,3.0510648432856974e-06
200,1200,0.01,30300,3.0483762399778278e-06
200,1200,0.01,30325,3.045692297505044e-06
200,1200,0.01,30350,3.043013002876002e-06
200,1200,0.01,30375,3.0403383396333805e-06
200,1200,0.01,30400,3.0376683074900823e-06
200,1200,0.01,30425,3.0350028884596272e-06
200,1200,0.01,30450,3.032342063296993e-06
200,1200,0.01,30475,3.0296858364526127e-06
200,1200,0.01,30500,3.02703418320234e-06
200,1200,0.01,30525,3.024387088816638e-06
200,1200,0.01,30550,3.0217445520031375e-06
200,1200,0.01,30575,3.0191065546400497e-06
200,1200,0.01,30600,3.0164730812657845e-06
200,1200,0.01,30625,3.013844143097931e-06
200,1200,0.01,30650,3.0112197006021413e-06
200,1200,0.01,30675,3.008599748885628e-06
200,1200,0.01,30700,3.005984282367785e-06
200,1200,0.01,30725,3.00337330053687e-06
200,1200,0.01,30750,3.0007667626633094e-06
200,1200,0.01,30775,2.9981646819318697e-06
200,1200,0.01,30800,2.9955670318064856e-06
200,1200,0.01,30825,2.9929738087170962e-06
200,1200,0.01,30850,2.9903850186693143e-06
200,1200,0.01,30875,2.9878006198164053e-06
200,1200,0.01,30900,2.9852206068596565e-06
200,1200,0.01,30925,2.9826449770790214e-06
200,1200,0.01,30950,2.9800737220376725e-06
200,1200,0.01,30975,2.9775068271613303e-06
200,1200,0.01,31000,2.974944287170364e-06
200,1200,0.01,31025,2.972386069530035e-06
200,1200,0.01,31050,2.9698321840077035e-06
200,1200,0.01,31075,2.9672826128684243e-06
200,1200,0.01,31100,2.964737341593429e-06
200,1200,0.01,31125,2.962196368827899e-06
200,1200,0.01,31150,2.959659678137931e-06
200,1200,0.01,31175,2.957127261178638e-06
200,1200,0.01,31200,2.9545991003512503e-06
200,1200,0.01,31225,2.952075188343041e-06
200,1200,0.01,31250,2.9495555255937625e-06
200,1200,0.01,31275,2.947040080801197e-06
200,1200,0.01,31300,2.944528860708215e-06
200,1200,0.01,31325,2.942021845339475e-06
200,1200,0.01,31350,2.9395190257203857e-06
200,1200,0.01,31375,2.9370204006270995e-06
200,1200,0.01,31400,2.9345259323840245e-06
200,1200,0.01,31425,2.9320356411503823e-06
200,1200,0.01,31450,2.9295495075926797e-06
200,1200,0.01,31475,2.9270675148329248e-06
200,1200,0.01,31500,2.9245896591189105e-06
200,1200,0.01,31525,2.922115928358747e-06
200,1200,0.01,31550,2.919646302806944e-06
200,1200,0.01,31575,2.917180791066863e-06
200,1200,0.01,31600,2.914719370647814e-06
200,1200,0.01,31625,2.9122620240178143e-06
200,1200,0.01,31650,2.9098087621732757e-06
200,1200,0.01,31675,2.90735955580778e-06
200,1200,0.01,31700,2.904914398643363e-06
200,1200,0.01,31725,2.902473297313607e-06
200,1200,0.01,31750,2.9000362185629958e-06
200,1200,0.01,31775,2.8976031634445065e-06
200,1200,0.01,31800,2.8951741233651865e-06
200,1200,0.01,31825,2.8927490828877314e-06
200,1200,0.01,31850,2.8903280386051444e-06
200,1200,0.01,31875,2.887910974220566e-06
200,1200,0.01,31900,2.8854978851126922e-06
200,1200,0.01,31925,2.8830887563663712e-06
200,1200,0.01,31950,2.8806835832432057e-06
200,1200,0.01,31975,2.8782823574078492e-06
200,1200,0.01,32000,2.875885062790691e-06
200,1200,0.01,32025,2.8734916938623e-06
200,1200,0.01,32050,2.87110223552451e-06
200,1200,0.01,32075,2.8687166886767757e-06
200,1200,0.01,32100,2.8663350326377235e-06
200,1200,0.01,32125,2.8639572690778922e-06
200,1200,0.01,32150,2.861583380114885e-06
200,1200,0.01,32175,2.8592133525301086e-06
200,1200,0.01,32200,2.8568471898511236e-06
200,1200,0.01,32225,2.854484874551151e-06
200,1200,0.01,32250,2.8521263945573833e-06
200,1200,0.01,32275,2.849771747370951e-06
200,1200,0.01,32300,2.847420919233762e-06
200,1200,0.01,32325,2.845073902316142e-06
200,1200,0.01,32350,2.842730690383495e-06
200,1200,0.01,32375,2.840391267025337e-06
200,1200,0.01,32400,2.8380556339000634e-06
200,1200,0.01,32425,2.8357237670806335e-06
200,1200,0.01,32450,2.833395661277875e-06
200,1200,0.01,32475,2.8310713277805016e-06
200,1200,0.01,32500,2.8287507310509677e-06
200,1200,0.01,32525,2.8264338729436927e-06
200,1200,0.01,32550,2.8241207408402982e-06
200,1200,0.01,32575,2.8218113331014705e-06
200,1200,0.01,32600,2.8195056363308074e-06
200,1200,0.01,32625,2.8172036409040632e-06
200,1200,0.01,32650,2.814905336539532e-06
200,1200,0.01,32675,2.812610717131854e-06
200,1200,0.01,32700,2.8103197736474572e-06
200,1200,0.01,32725,2.8080324968021014e-06
200,1200,0.01,32750,2.8057488734561237e-06
200,1200,0.01,32775,2.803468906170843e-06
200,1200,0.01,32800,2.8011925740974858e-06
200,1200,0.01,32825,2.798919877040028e-06
200,1200,0.01,32850,2.7966508025518283e-06
200,1200,0.01,32875,2.794385335126194e-06
200,1200,0.01,32900,2.7921234819049817e-06
200,1200,0.01,32925,2.7898652227064183e-06
200,1200,0.01,32950,2.7876105544912683e-06
200,1200,0.01,32975,2.7853594662579154e-06
200,1200,0.01,33000,2.7831119491445247e-06
200,1200,0.01,33025,2.780868002334909e-06
200,1200,0.01,33050,2.778627585520166e-06
200,1200,0.01,33075,2.7763907344009048e-06
200,1200,0.01,33100,2.7741574159887566e-06
200,1200,0.01,33125,2.771927626158549e-06
200,1200,0.01,33150,2.769701356448301e-06
200,1200,0.01,33175,2.7674786061832046e-06
200,1200,0.01,33200,2.7652593524519e-06
200,1200,0.01,33225,2.7630435943610046e-06
200,1200,0.01,33250,2.760831326972628e-06
200,1200,0.01,33275,2.7586225404144585e-06
200,1200,0.01,33300,2.756417221449689e-06
200,1200,0.01,33325,2.7542153691476404e-06
200,1200,0.01,33350,2.7520169651939694e-06
200,1200,0.01,33375,2.7498220155908193e-06
200,1200,0.01,33400,2.7476305013707236e-06
200,1200,0.01,33425,2.7454424197433797e-06
200,1200,0.01,33450,2.7432577545316236e-06
200,1200,0.01,33475,2.7410765071405815e-06
200,1200,0.01,33500,2.7388986719644945e-06
200,1200,0.01,33525,2.7367242292769545e-06
200,1200,0.01,33550,2.734553183287268e-06
200,1200,0.01,33575,2.7323855128335434e-06
200,1200,0.01,33600,2.730221217303423e-06
200,1200,0.01,33625,2.7280602947765686e-06
200,1200,0.01,33650,2.725902728393202e-06
200,1200,0.01,33675,2.7237485068689476e-06
200,1200,0.01,33700,2.721597645053038e-06
200,1200,0.01,33725,2.719450099946015e-06
200,1200,0.01,33750,2.7173058906116224e-06
200,1200,0.01,33775,2.7151650058678325e-06
200,1200,0.01,33800,2.7130274259682882e-06
200,1200,0.01,33825,2.7108931575283574e-06
200,1200,0.01,33850,2.7087621835581582e-06
200,1200,0.01,33875,2.7066344996931266e-06
200,1200,0.01,33900,2.7045100977210815e-06
200,1200,0.01,33925,2.702388962340027e-06
200,1200,0.01,33950,2.700271111112304e-06
200,1200,0.01,33975,2.6981565065600788e-06
200,1200,0.01,34000,2.6960451429162632e-06
200,1200,0.01,34025,2.6939370456457307e-06
200,1200,0.01,34050,2.6918321732460893e-06
200,1200,0.01,34075,2.6897305370338076e-06
200,1200,0.01,34100,2.6876321136664466e-06
200,1200,0.01,34125,2.6855369096977916e-06
200,1200,0.01,34150,2.6834449138660177e-06
200,1200,0.01,34175,2.6813561217874787e-06
200,1200,0.01,34200,2.6792705115049123e-06
200,1200,0.01,34225,2.6771880919044394e-06
200,1200,0.01,34250,2.6751088489070443e-06
200,1200,0.01,34275,2.6730327773076892e-06
200,1200,0.01,34300,2.6709598700790094e-06
200,1200,0.01,34325,2.6688901105320975e-06
200,1200,0.01,34350,2.666823516996042e-06
200,1200,0.01,34375,2.6647600567765092e-06
200,1200,0.01,34400,2.6626997186298892e-06
200,1200,0.01,34425,2.6606425221524857e-06
200,1200,0.01,34450,2.658588439554896e-06
200,1200,0.01,34475,2.656537478035355e-06
200,1200,0.01,34500,2.654489617472805e-06
200,1200,0.01,34525,2.652444853735135e-06
200,1200,0.01,34550,2.6504031831187103e-06
200,1200,0.01,34575,2.6483645998521058e-06
200,1200,0.01,34600,2.6463290908823947e-06
200,1200,0.01,34625,2.6442966549562394e-06
200,1200,0.01,34650,2.6422672881306133e-06
200,1200,0.01,34675,2.6402409721206638e-06
200,1200,0.01,34700,2.6382177075760446e-06
200,1200,0.01,34725,2.6361974865933557e-06
200,1200,0.01,34750,2.6341803028911634e-06
200,1200,0.01,34775,2.632166145656936e-06
200,1200,0.01,34800,2.6301550180088396e-06
200,1200,0.01,34825,2.628146900847568e-06
200,1200,0.01,34850,2.6261417955834518e-06
200,1200,0.01,34875,2.6241396901471523e-06
200,1200,0.01,34900,2.622140578128866e-06
200,1200,0.01,34925,2.6201444626840556e-06
200,1200,0.01,34950,2.6181513313426608e-06
200,1200,0.01,34975,2.616161165909167e-06
200,1200,0.01,35000,2.614173981857308e-06
200,1200,0.01,35025,2.612189746504026e-06
200,1200,0.01,35050,2.610208469212491e-06
200,1200,0.01,35075,2.6082301493556004e-06
200,1200,0.01,35100,2.606254767892162e-06
200,1200,0.01,35125,2.604282313894285e-06
200,1200,0.01,35150,2.6023128078889526e-06
200,1200,0.01,35175,2.600346205966844e-06
200,1200,0.01,35200,2.598382530593496e-06
200,1200,0.01,35225,2.5964217631891523e-06
200,1200,0.01,35250,2.5944638992079702e-06
200,1200,0.01,35275,2.592508933981809e-06
200,1200,0.01,35300,2.5905568602170234e-06
200,1200,0.01,35325,2.588607661623693e-06
200,1200,0.01,35350,2.586661354715518e-06
200,1200,0.01,35375,2.584717905256863e-06
200,1200,0.01,35400,2.582777329821276e-06
200,1200,0.01,35425,2.5808396100120146e-06
200,1200,0.01,35450,2.57890474911638e-06
200,1200,0.01,35475,2.5769727299007616e-06
200,1200,0.01,35500,2.575043551080597e-06
200,1200,0.01,35525,2.5731171989767238e-06
200,1200,0.01,35550,2.5711936815506556e-06
200,1200,0.01,35575,2.5692729821048116e-06
200,1200,0.01,35600,2.5673551027121863e-06
200,1200,0.01,35625,2.5654400284073203e-06
200,1200,0.01,35650,2.563527757728709e-06
200,1200,0.01,35675,2.5616182760621747e-06
200,1200,0.01,35700,2.5597115965673295e-06
200,1200,0.01,35725,2.5578076887850312e-06
200,1200,0.01,35750,2.5559065737184444e-06
200,1200,0.01,35775,2.5540082227758568e-06
200,1200,0.01,35800,2.5521126368376404e-06
200,1200,0.01,35825,2.550219816550847e-06
200,1200,0.01,35850,2.5483297425646367e-06
200,1200,0.01,35875,2.5464424216799925e-06
200,1200,0.01,35900,2.544557839075437e-06
200,1200,0.01,35925,2.542675993506306e-06
200,1200,0.01,35950,2.5407968875417256e-06
200,1200,0.01,35975,2.538920490850055e-06
200,1200,0.01,36000,2.537046818009911e-06
200,1200,0.01,36025,2.5351758562658713e-06
200,1200,0.01,36050,2.533307599215072e-06
200,1200,0.01,36075,2.5314420448478356e-06
200,1200,0.01,36100,2.529579191211731e-06
200,1200,0.01,36125,2.527719025837566e-06
200,1200,0.01,36150,2.5258615288436745e-06
200,1200,0.01,36175,2.5240067225264576e-06
200,1200,0.01,36200,2.522154581411501e-06
200,1200,0.01,36225,2.520305107302917e-06
200,1200,0.01,36250,2.518458300174685e-06
200,1200,0.01,36275,2.516614142763704e-06
200,1200,0.01,36300,2.5147726266210035e-06
200,1200,0.01,36325,2.5129337596907497e-06
200,1200,0.01,36350,2.511097530663413e-06
200,1200,0.01,36375,2.509263928993609e-06
200,1200,0.01,36400,2.5074329552034896e-06
200,1200,0.01,36425,2.5056045978091857e-06
200,1200,0.01,36450,2.5037788683596185e-06
200,1200,0.01,36475,2.501955728329182e-06
200,1200,0.01,36500,2.5001352014844547e-06
200,1200,0.01,36525,2.4983172674623855e-06
200,1200,0.01,36550,2.496501937579443e-06
200,1200,0.01,36575,2.4946891790857822e-06
200,1200,0.01,36600,2.4928790181974123e-06
200,1200,0.01,36625,2.491071417466857e-06
200,1200,0.01,36650,2.489266396476543e-06
200,1200,0.01,36675,2.4874639344826463e-06
200,1200,0.01,36700,2.4856640424312723e-06
200,1200,0.01,36725,2.4838666841898657e-06
200,1200,0.01,36750,2.4820718861080088e-06
200,1200,0.01,36775,2.480279632515077e-06
200,1200,0.01,36800,2.478489905918986e-06
200,1200,0.01,36825,2.476702723176044e-06
200,1200,0.01,36850,2.4749180580919267e-06
200,1200,0.01,36875,2.4731359214175824e-06
200,1200,0.01,36900,2.471356298161531e-06
200,1200,0.01,36925,2.4695791905338105e-06
200,1200,0.01,36950,2.4678045803449775e-06
200,1200,0.01,36975,2.466032475679711e-06
200,1200,0.01,37000,2.464262862013171e-06
200,1200,0.01,37025,2.4624957371318507e-06
200,1200,0.01,37050,2.460731097328646e-06
200,1200,0.01,37075,2.4589689333835013e-06
200,1200,0.01,37100,2.4572092445019136e-06
200,1200,0.01,37125,2.455452030540768e-06
200,1200,0.01,37150,2.4536972727815312e-06
200,1200,0.01,37175,2.451944983110528e-06
200,1200,0.01,37200,2.450195131170098e-06
200,1200,0.01,37225,2.4484477404457944e-06
200,1200,0.01,37250,2.446702784982685e-06
200,1200,0.01,37275,2.4449602706666865e-06
200,1200,0.01,37300,2.443220188655046e-06
200,1200,0.01,37325,2.4414825303287896e-06
200,1200,0.01,37350,2.4397472940789616e-06
200,1200,0.01,37375,2.438014479253306e-06
200,1200,0.01,37400,2.436284076721973e-06
200,1200,0.01,37425,2.4345560787038603e-06
200,1200,0.01,37450,2.4328304836359824e-06
200,1200,0.01,37475,2.4311072805323353e-06
200,1200,0.01,37500,2.4293864747740312e-06
200,1200,0.01,37525,2.427668066569237e-06
200,1200,0.01,37550,2.425952021664103e-06
200,1200,0.01,37575,2.4242383640897536e-06
200,1200,0.01,37600,2.422527076060936e-06
200,1200,0.01,37625,2.4208181510247326e-06
200,1200,0.01,37650,2.4191115938270932e-06
200,1200,0.01,37675,2.417407396397217e-06
200,1200,0.01,37700,2.4157055497370933e-06
200,1200,0.01,37725,2.414006050252375e-06
200,1200,0.01,37750,2.4123088925350616e-06
200,1200,0.01,37775,2.4106140712031737e-06
200,1200,0.01,37800,2.408921589598656e-06
200,1200,0.01,37825,2.407231430751576e-06
200,1200,0.01,37850,2.4055435917831602e-06
200,1200,0.01,37875,2.403858084443558e-06
200,1200,0.01,37900,2.402174878133982e-06
200,1200,0.01,37925,2.4004939948247053e-06
200,1200,0.01,37950,2.3988153983528146e-06
200,1200,0.01,37975,2.3971391165137843e-06
200,1200,0.01,38000,2.3954651228366014e-06
200,1200,0.01,38025,2.393793422924423e-06
200,1200,0.01,38050,2.392124002805786e-06
200,1200,0.01,38075,2.3904568621198677e-06
200,1200,0.01,38100,2.388792010130092e-06
200,1200,0.01,38125,2.387129419956051e-06
200,1200,0.01,38150,2.3854691046341914e-06
200,1200,0.01,38175,2.3838110456775655e-06
200,1200,0.01,38200,2.3821552456258083e-06
200,1200,0.01,38225,2.380501695238915e-06
200,1200,0.01,38250,2.3788503993489585e-06
200,1200,0.01,38275,2.3772013413277462e-06
200,1200,0.01,38300,2.375554525569333e-06
200,1200,0.01,38325,2.373909943550155e-06
200,1200,0.01,38350,2.3722675965192133e-06
200,1200,0.01,38375,2.3706274685430725e-06
200,1200,0.01,38400,2.3689895657739296e-06
200,1200,0.01,38425,2.367353875811981e-06
200,1200,0.01,38450,2.3657204054434652e-06
200,1200,0.01,38475,2.3640891368414962e-06
200,1200,0.01,38500,2.3624600702853646e-06
200,1200,0.01,38525,2.3608332050915892e-06
200,1200,0.01,38550,2.3592085287883757e-06
200,1200,0.01,38575,2.357586047280723e-06
200,1200,0.01,38600,2.3559657556749755e-06
200,1200,0.01,38625,2.354347636407926e-06
200,1200,0.01,38650,2.352731701808254e-06
200,1200,0.01,38675,2.351117930126864e-06
200,1200,0.01,38700,2.349506333325542e-06
200,1200,0.01,38725,2.34789689474834e-06
200,1200,0.01,38750,2.346289624515635e-06
200,1200,0.01,38775,2.344684498090631e-06
200,1200,0.01,38800,2.3430815300111776e-06
200,1200,0.01,38825,2.341480698003426e-06
200,1200,0.01,38850,2.339882014721316e-06
200,1200,0.01,38875,2.3382854667537006e-06
200,1200,0.01,38900,2.3366910548551847e-06
200,1200,0.01,38925,2.3350987759050007e-06
200,1200,0.01,38950,2.3335086086848783e-06
200,1200,0.01,38975,2.331920563110497e-06
200,1200,0.01,39000,2.330334650526948e-06
200,1200,0.01,39025,2.328750831562948e-06
200,1200,0.01,39050,2.327169132737214e-06
200,1200,0.01,39075,2.3255895311444577e-06
200,1200,0.01,39100,2.3240120281377633e-06
200,1200,0.01,39125,2.3224366207117222e-06
200,1200,0.01,39150,2.3208633085610234e-06
200,1200,0.01,39175,2.319292077386341e-06
200,1200,0.01,39200,2.317722934395451e-06
200,1200,0.01,39225,2.3161558666872153e-06
200,1200,0.01,39250,2.3145908746502117e-06
200,1200,0.01,39275,2.3130279437240386e-06
200,1200,0.01,39300,2.31146708812649e-06
200,1200,0.01,39325,2.3099082903646137e-06
200,1200,0.01,39350,2.3083515577207794e-06
200,1200,0.01,39375,2.306796872631779e-06
200,1200,0.01,39400,2.305244239169009e-06
200,1200,0.01,39425,2.303693653065049e-06
200,1200,0.01,39450,2.3021451016191213e-06
200,1200,0.01,39475,2.300598594047812e-06
200,1200,0.01,39500,2.2990541065776027e-06
200,1200,0.01,39525,2.297511666540797e-06
200,1200,0.01,39550,2.295971248975591e-06
200,1200,0.01,39575,2.294432857157143e-06
200,1200,0.01,39600,2.292896473522245e-06
200,1200,0.01,39625,2.2913621006807883e-06
200,1200,0.01,39650,2.289829741418739e-06
200,1200,0.01,39675,2.2882993890374626e-06
200,1200,0.01,39700,2.2867710426158205e-06
200,1200,0.01,39725,2.285244694311128e-06
200,1200,0.01,39750,2.283720328548171e-06
200,1200,0.01,39775,2.28219795897662e-06
200,1200,0.01,39800,2.2806775799829107e-06
200,1200,0.01,39825,2.279159177808951e-06
200,1200,0.01,39850,2.2776427521953996e-06
200,1200,0.01,39875,2.2761283017171813e-06
200,1200,0.01,39900,2.2746158258859714e-06
200,1200,0.01,39925,2.2731053171617943e-06
200,1200,0.01,39950,2.271596765155391e-06
200,1200,0.01,39975,2.2700901792672284e-06
200,1200,0.01,40000,2.2685855396564064e-06
200,1200,0.01,40025,2.267082861486143e-06
200,1200,0.01,40050,2.2655821242728233e-06
200,1200,0.01,40075,2.2640833401924715e-06
200,1200,0.01,40100,2.2625864804738313e-06
200,1200,0.01,40125,2.2610915729826334e-06
200,1200,0.01,40150,2.25959859024346e-06
200,1200,0.01,40175,2.2581075337932757e-06
200,1200,0.01,40200,2.256618407431993e-06
200,1200,0.01,40225,2.2551312063292736e-06
200,1200,0.01,40250,2.2536459120372013e-06
200,1200,0.01,40275,2.252162534329208e-06
200,1200,0.01,40300,2.2506810727360507e-06
200,1200,0.01,40325,2.2492015167912757e-06
200,1200,0.01,40350,2.2477238541930913e-06
200,1200,0.01,40375,2.2462481033104845e-06
200,1200,0.01,40400,2.2447742391669065e-06
200,1200,0.01,40425,2.2433022665562657e-06
200,1200,0.01,40450,2.241832188422388e-06
200,1200,0.01,40475,2.240363990771259e-06
200,1200,0.01,40500,2.2388976720130044e-06
200,1200,0.01,40525,2.2374332325674276e-06
200,1200,0.01,40550,2.235970676238777e-06
200,1200,0.01,40575,2.2345099725080628e-06
200,1200,0.01,40600,2.233051145794987e-06
200,1200,0.01,40625,2.23159418387929e-06
200,1200,0.01,40650,2.23013907578104e-06
200,1200,0.01,40675,2.228685819134074e-06
200,1200,0.01,40700,2.2272344259643626e-06
200,1200,0.01,40725,2.225784876824788e-06
200,1200,0.01,40750,2.224337163919503e-06
200,1200,0.01,40775,2.222891309348017e-06
200,1200,0.01,40800,2.2214472849843916e-06
200,1200,0.01,40825,2.220005097109193e-06
200,1200,0.01,40850,2.2185647359628663e-06
200,1200,0.01,40875,2.217126200796879e-06
200,1200,0.01,40900,2.2156895010021563e-06
200,1200,0.01,40925,2.2142546115440365e-06
200,1200,0.01,40950,2.212821540535821e-06
200,1200,0.01,40975,2.2113902862219703e-06
200,1200,0.01,41000,2.2099608397632003e-06
200,1200,0.01,41025,2.208533199113405e-06
200,1200,0.01,41050,2.207107370616468e-06
200,1200,0.01,41075,2.205683330140651e-06
200,1200,0.01,41100,2.204261086135792e-06
200,1200,0.01,41125,2.202840648370119e-06
200,1200,0.01,41150,2.2014219859542786e-06
200,1200,0.01,41175,2.200005121627893e-06
200,1200,0.01,41200,2.198590031554995e-06
200,1200,0.01,41225,2.197176722212174e-06
200,1200,0.01,41250,2.1957651921969065e-06
200,1200,0.01,41275,2.19435543807444e-06
200,1200,0.01,41300,2.1929474449365605e-06
200,1200,0.01,41325,2.1915412274963256e-06
200,1200,0.01,41350,2.1901367675269956e-06
200,1200,0.01,41375,2.188734070069677e-06
200,1200,0.01,41400,2.187333119652371e-06
200,1200,0.01,41425,2.1859339314955414e-06
200,1200,0.01,41450,2.1845364939435813e-06
200,1200,0.01,41475,2.183140791599085e-06
200,1200,0.01,41500,2.1817468457687936e-06
200,1200,0.01,41525,2.180354635446073e-06
200,1200,0.01,41550,2.1789641590913567e-06
200,1200,0.01,41575,2.177575416241473e-06
200,1200,0.01,41600,2.1761884028536488e-06
200,1200,0.01,41625,2.1748031198602982e-06
200,1200,0.01,41650,2.173419557997998e-06
200,1200,0.01,41675,2.172037718135844e-06
200,1200,0.01,41700,2.1706576016468707e-06
200,1200,0.01,41725,2.1692791870543335e-06
200,1200,0.01,41750,2.1679024849435152e-06
200,1200,0.01,41775,2.1665275015212565e-06
200,1200,0.01,41800,2.1651542123565792e-06
200,1200,0.01,41825,2.1637826241273014e-06
200,1200,0.01,41850,2.162412735716261e-06
200,1200,0.01,41875,2.1610445457946603e-06
200,1200,0.01,41900,2.159678044491055e-06
200,1200,0.01,41925,2.158313237236864e-06
200,1200,0.01,41950,2.156950105346514e-06
200,1200,0.01,41975,2.1555886640118455e-06
200,1200,0.01,42000,2.154228897145033e-06
200,1200,0.01,42025,2.1528708120379866e-06
200,1200,0.01,42050,2.1515143991315128e-06
200,1200,0.01,42075,2.1501596483954402e-06
200,1200,0.01,42100,2.1488065675943913e-06
200,1200,0.01,42125,2.1474551508693374e-06
200,1200,0.01,42150,2.1461054054497386e-06
200,1200,0.01,42175,2.1447572998330167e-06
200,1200,0.01,42200,2.143410861829391e-06
200,1200,0.01,42225,2.142066065698167e-06
200,1200,0.01,42250,2.14072292612031e-06
200,1200,0.01,42275,2.1393814271407005e-06
200,1200,0.01,42300,2.13804157122785e-06
200,1200,0.01,42325,2.1367033572576577e-06
200,1200,0.01,42350,2.135366782375636e-06
200,1200,0.01,42375,2.134031832585169e-06
200,1200,0.01,42400,2.1326985244476612e-06
200,1200,0.01,42425,2.1313668328382454e-06
200,1200,0.01,42450,2.13003676471403e-06
200,1200,0.01,42475,2.1287083318321035e-06
200,1200,0.01,42500,2.1273815005440344e-06
200,1200,0.01,42525,2.1260562939823605e-06
200,1200,0.01,42550,2.1247327000838145e-06
200,1200,0.01,42575,2.1234107062907334e-06
200,1200,0.01,42600,2.1220903326400406e-06
200,1200,0.01,42625,2.1207715548603526e-06
200,1200,0.01,42650,2.1194543850062628e-06
200,1200,0.01,42675,2.1181388046012314e-06
200,1200,0.01,42700,2.11682482354706e-06
200,1200,0.01,42725,2.1155124312324455e-06
200,1200,0.01,42750,2.114201634827867e-06
200,1200,0.01,42775,2.1128924133969468e-06
200,1200,0.01,42800,2.1115847866747667e-06
200,1200,0.01,42825,2.1102787309112275e-06
200,1200,0.01,42850,2.1089742600257505e-06
200,1200,0.01,42875,2.1076713659874333e-06
200,1200,0.01,42900,2.106370034415418e-06
200,1200,0.01,42925,2.1050702838018576e-06
200,1200,0.01,42950,2.1037720868534796e-06
200,1200,0.01,42975,2.102475459963421e-06
200,1200,0.01,43000,2.1011803922350164e-06
200,1200,0.01,43025,2.099886885232119e-06
200,1200,0.01,43050,2.098594932759164e-06
200,1200,0.01,43075,2.0973045236289192e-06
200,1200,0.01,43100,2.0960156687753473e-06
200,1200,0.01,43125,2.0947283629795324e-06
200,1200,0.01,43150,2.0934426039100062e-06
200,1200,0.01,43175,2.092158379160894e-06
200,1200,0.01,43200,2.090875692539046e-06
200,1200,0.01,43225,2.0895945426896434e-06
200,1200,0.01,43250,2.088314932455898e-06
200,1200,0.01,43275,2.087036842181658e-06
200,1200,0.01,43300,2.085760285373481e-06
200,1200,0.01,43325,2.0844852504642297e-06
200,1200,0.01,43350,2.0832117381365187e-06
200,1200,0.01,43375,2.081939739159884e-06
200,1200,0.01,43400,2.0806692584375217e-06
200,1200,0.01,43425,2.0794003022274465e-06
200,1200,0.01,43450,2.0781328411469124e-06
200,1200,0.01,43475,2.076866898678871e-06
200,1200,0.01,43500,2.075602456731891e-06
200,1200,0.01,43525,2.0743395202993745e-06
200,1200,0.01,43550,2.0730780836046916e-06
200,1200,0.01,43575,2.0718181435929947e-06
200,1200,0.01,43600,2.0705596986050206e-06
200,1200,0.01,43625,2.0693027358098873e-06
200,1200,0.01,43650,2.0680472733493327e-06
200,1200,0.01,43675,2.0667932993032045e-06
200,1200,0.01,43700,2.0655407998839206e-06
200,1200,0.01,43725,2.0642897942124705e-06
200,1200,0.01,43750,2.0630402538879614e-06
200,1200,0.01,43775,2.061792200695918e-06
200,1200,0.01,43800,2.060545610003267e-06
200,1200,0.01,43825,2.059300505534954e-06
200,1200,0.01,43850,2.058056855894219e-06
200,1200,0.01,43875,2.056814679419691e-06
200,1200,0.01,43900,2.055573959911655e-06
200,1200,0.01,43925,2.0543346974551124e-06
200,1200,0.01,43950,2.053096905450802e-06
200,1200,0.01,43975,2.051860563830575e-06
200,1200,0.01,44000,2.0506256744904847e-06
200,1200,0.01,44025,2.0493922309895024e-06
200,1200,0.01,44050,2.0481602410350047e-06
200,1200,0.01,44075,2.0469296916625357e-06
200,1200,0.01,44100,2.0457005899263483e-06
200,1200,0.01,44125,2.044472917424496e-06
200,1200,0.01,44150,2.0432466943075267e-06
200,1200,0.01,44175,2.042021899349364e-06
200,1200,0.01,44200,2.0407985432254958e-06
200,1200,0.01,44225,2.0395766113555716e-06
200,1200,0.01,44250,2.038356103944289e-06
200,1200,0.01,44275,2.0371370309810524e-06
200,1200,0.01,44300,2.0359193772740217e-06
200,1200,0.01,44325,2.034703139834268e-06
200,1200,0.01,44350,2.0334883187580685e-06
200,1200,0.01,44375,2.032274916142704e-06
200,1200,0.01,44400,2.03106292475351e-06
200,1200,0.01,44425,2.0298523413144615e-06
200,1200,0.01,44450,2.0286431708224292e-06
200,1200,0.01,44475,2.0274353977542403e-06
200,1200,0.01,44500,2.0262290334393737e-06
200,1200,0.01,44525,2.0250240720083926e-06
200,1200,0.01,44550,2.0238205034640855e-06
200,1200,0.01,44575,2.0226183250222213e-06
200,1200,0.01,44600,2.0214175410144045e-06
200,1200,0.01,44625,2.02021815843504e-06
200,1200,0.01,44650,2.019020149426204e-06
200,1200,0.01,44675,2.0178235399671146e-06
200,1200,0.01,44700,2.0166283069729396e-06
200,1200,0.01,44725,2.0154344458241102e-06
200,1200,0.01,44750,2.0142419771196005e-06
200,1200,0.01,44775,2.0130508768543068e-06
200,1200,0.01,44800,2.0118611507241937e-06
200,1200,0.01,44825,2.0106727932848317e-06
200,1200,0.01,44850,2.0094858111732727e-06
200,1200,0.01,44875,2.008300193864082e-06
200,1200,0.01,44900,2.007115942302684e-06
200,1200,0.01,44925,2.0059330478570947e-06
200,1200,0.01,44950,2.004751514942185e-06
200,1200,0.01,44975,2.003571329534451e-06
200,1200,0.01,45000,2.002392512323939e-06
200,1200,0.01,45025,2.0012150422901373e-06
200,1200,0.01,45050,2.000038923537402e-06
200,1200,0.01,45075,1.9988641430240817e-06
200,1200,0.01,45100,1.997690718288231e-06
200,1200,0.01,45125,1.9965186375762306e-06
200,1200,0.01,45150,1.995347892867587e-06
200,1200,0.01,45175,1.9941784904298557e-06
200,1200,0.01,45200,1.9930104203109283e-06
200,1200,0.01,45225,1.9918436846792092e-06
200,1200,0.01,45250,1.9906782818346694e-06
200,1200,0.01,45275,1.989514206848092e-06
200,1200,0.01,45300,1.988351456492024e-06
200,1200,0.01,45325,1.9871900329027775e-06
200,1200,0.01,45350,1.986029940117054e-06
200,1200,0.01,45375,1.9848711558679427e-06
200,1200,0.01,45400,1.983713689226313e-06
200,1200,0.01,45425,1.9825575427552186e-06
200,1200,0.01,45450,1.9814027172578366e-06
200,1200,0.01,45475,1.980249192953115e-06
200,1200,0.01,45500,1.9790969768788275e-06
200,1200,0.01,45525,1.977946067667144e-06
200,1200,0.01,45550,1.9767964603463473e-06
200,1200,0.01,45575,1.9756481612421065e-06
200,1200,0.01,45600,1.9745011623981124e-06
200,1200,0.01,45625,1.9733554616121335e-06
200,1200,0.01,45650,1.9722110604636356e-06
200,1200,0.01,45675,1.9710679411439475e-06
200,1200,0.01,45700,1.969926116171701e-06
200,1200,0.01,45725,1.968785588137706e-06
200,1200,0.01,45750,1.967646335900887e-06
200,1200,0.01,45775,1.966508380810486e-06
200,1200,0.01,45800,1.9653716905598806e-06
200,1200,0.01,45825,1.964236290801294e-06
200,1200,0.01,45850,1.963102165186692e-06
200,1200,0.01,45875,1.9619693287994955e-06
200,1200,0.01,45900,1.9608377475072852e-06
200,1200,0.01,45925,1.959707449974632e-06
200,1200,0.01,45950,1.9585784253985453e-06
200,1200,0.01,45975,1.9574506596045996e-06
200,1200,0.01,46000,1.956324155657184e-06
200,1200,0.01,46025,1.9551989197674757e-06
200,1200,0.01,46050,1.9540749450477554e-06
200,1200,0.01,46075,1.952952230393004e-06
200,1200,0.01,46100,1.9518307762247597e-06
200,1200,0.01,46125,1.9507105624046173e-06
200,1200,0.01,46150,1.949591615010675e-06
200,1200,0.01,46175,1.9484739128784387e-06
200,1200,0.01,46200,1.9473574544848216e-06
200,1200,0.01,46225,1.9462422475823027e-06
200,1200,0.01,46250,1.9451282901126327e-06
200,1200,0.01,46275,1.944015565607214e-06
200,1200,0.01,46300,1.9429040830588537e-06
200,1200,0.01,46325,1.9417938392409656e-06
200,1200,0.01,46350,1.9406848243532296e-06
200,1200,0.01,46375,1.9395770522465453e-06
200,1200,0.01,46400,1.9384705089208268e-06
200,1200,0.01,46425,1.937365199576775e-06
200,1200,0.01,46450,1.93626110597811e-06
200,1200,0.01,46475,1.935158243013095e-06
200,1200,0.01,46500,1.934056608404039e-06
200,1200,0.01,46525,1.9329561887718866e-06
200,1200,0.01,46550,1.9318569910000208e-06
200,1200,0.01,46575,1.930759020583178e-06
200,1200,0.01,46600,1.9296622475756947e-06
200,1200,0.01,46625,1.9285667003914736e-06
200,1200,0.01,46650,1.927472361031024e-06
200,1200,0.01,46675,1.926379226511489e-06
200,1200,0.01,46700,1.9252873008999277e-06
200,1200,0.01,46725,1.92419658321015e-06
200,1200,0.01,46750,1.9231070667669395e-06
200,1200,0.01,46775,1.9220187484486617e-06
200,1200,0.01,46800,1.9209316318349184e-06
200,1200,0.01,46825,1.919845713651419e-06
200,1200,0.01,46850,1.9187609906099953e-06
200,1200,0.01,46875,1.917677460166675e-06
200,1200,0.01,46900,1.9165951260693287e-06
200,1200,0.01,46925,1.915513969922948e-06
200,1200,0.01,46950,1.9144340082793976e-06
200,1200,0.01,46975,1.913355230552527e-06
200,1200,0.01,47000,1.912277640901336e-06
200,1200,0.01,47025,1.9112012248894555e-06
200,1200,0.01,47050,1.9101259937544246e-06
200,1200,0.01,47075,1.909051938194656e-06
200,1200,0.01,47100,1.90797905734192e-06
200,1200,0.01,47125,1.9069073492932256e-06
200,1200,0.01,47150,1.9058368154493618e-06
200,1200,0.01,47175,1.9047674537720286e-06
200,1200,0.01,47200,1.9036992555477097e-06
200,1200,0.01,47225,1.9026322241209523e-06
200,1200,0.01,47250,1.9015663529952168e-06
200,1200,0.01,47275,1.900501654662247e-06
200,1200,0.01,47300,1.8994380986741763e-06
200,1200,0.01,47325,1.8983757204644666e-06
200,1200,0.01,47350,1.897314490500318e-06
200,1200,0.01,47375,1.896254416366809e-06
200,1200,0.01,47400,1.8951954840517107e-06
200,1200,0.01,47425,1.8941377156580022e-06
200,1200,0.01,47450,1.8930810913152935e-06
200,1200,0.01,47475,1.8920256183900877e-06
200,1200,0.01,47500,1.8909712860065361e-06
200,1200,0.01,47525,1.8899181019847722e-06
200,1200,0.01,47550,1.8888660485516864e-06
200,1200,0.01,47575,1.8878151402199755e-06
200,1200,0.01,47600,1.8867653702788617e-06
200,1200,0.01,47625,1.8857167391429439e-06
200,1200,0.01,47650,1.884669236379595e-06
200,1200,0.01,47675,1.8836228661642945e-06
200,1200,0.01,47700,1.8825776305544245e-06
200,1200,0.01,47725,1.8815335249807233e-06
200,1200,0.01,47750,1.8804905391025042e-06
200,1200,0.01,47775,1.8794486803799457e-06
200,1200,0.01,47800,1.8784079434180576e-06
200,1200,0.01,47825,1.8773683314824569e-06
200,1200,0.01,47850,1.8763298386941657e-06
200,1200,0.01,47875,1.8752924615750635e-06
200,1200,0.01,47900,1.8742561980486863e-06
200,1200,0.01,47925,1.8732210522801052e-06
200,1200,0.01,47950,1.8721870126778978e-06
200,1200,0.01,47975,1.8711540897093856e-06
200,1200,0.01,48000,1.8701222714119156e-06
200,1200,0.01,48025,1.8690915541781303e-06
200,1200,0.01,48050,1.8680619606808654e-06
200,1200,0.01,48075,1.8670334554701795e-06
200,1200,0.01,48100,1.8660060572325138e-06
200,1200,0.01,48125,1.8649797503163257e-06
200,1200,0.01,48150,1.8639545451733242e-06
200,1200,0.01,48175,1.8629304404200672e-06
200,1200,0.01,48200,1.8619074242448228e-06
200,1200,0.01,48225,1.8608855002228558e-06
200,1200,0.01,48250,1.8598646755758202e-06
200,1200,0.01,48275,1.858844931104664e-06
200,1200,0.01,48300,1.8578262715972238e-06
200,1200,0.01,48325,1.856808704106018e-06
200,1200,0.01,48350,1.8557922238978536e-06
200,1200,0.01,48375,1.8547768251588048e-06
200,1200,0.01,48400,1.8537624951004902e-06
200,1200,0.01,48425,1.8527492546011742e-06
200,1200,0.01,48450,1.8517370877699224e-06
200,1200,0.01,48475,1.850725993187731e-06
200,1200,0.01,48500,1.8497159722285009e-06
200,1200,0.01,48525,1.848707026414452e-06
200,1200,0.01,48550,1.8476991474492693e-06
200,1200,0.01,48575,1.8466923435668178e-06
200,1200,0.01,48600,1.8456865940319478e-06
200,1200,0.01,48625,1.8446819172318607e-06
200,1200,0.01,48650,1.8436783068452242e-06
200,1200,0.01,48675,1.842675745744246e-06
200,1200,0.01,48700,1.8416742568706443e-06
200,1200,0.01,48725,1.8406738175056128e-06
200,1200,0.01,48750,1.8396744360556216e-06
200,1200,0.01,48775,1.8386761145867264e-06
200,1200,0.01,48800,1.8376788439959657e-06
200,1200,0.01,48825,1.8366826250743734e-06
200,1200,0.01,48850,1.835687447625245e-06
200,1200,0.01,48875,1.8346933302404791e-06
200,1200,0.01,48900,1.8337002538979658e-06
200,1200,0.01,48925,1.8327082248461787e-06
200,1200,0.01,48950,1.8317172342198138e-06
200,1200,0.01,48975,1.8307272884416845e-06
200,1200,0.01,49000,1.8297383835956527e-06
200,1200,0.01,49025,1.8287505095943013e-06
200,1200,0.01,49050,1.827763681945191e-06
200,1200,0.01,49075,1.8267778853298458e-06
200,1200,0.01,49100,1.82579311903356e-06
200,1200,0.01,49125,1.824809386628129e-06
200,1200,0.01,49150,1.8238266800505581e-06
200,1200,0.01,49175,1.8228450074896096e-06
200,1200,0.01,49200,1.8218643566018586e-06
200,1200,0.01,49225,1.8208847295054023e-06
200,1200,0.01,49250,1.8199061329569888e-06
200,1200,0.01,49275,1.818928555811887e-06
200,1200,0.01,49300,1.8179519985948508e-06
200,1200,0.01,49325,1.8169764586161916e-06
200,1200,0.01,49350,1.8160019346225714e-06
200,1200,0.01,49375,1.8150284260432664e-06
200,1200,0.01,49400,1.8140559304999707e-06
200,1200,0.01,49425,1.8130844540867677e-06
200,1200,0.01,49450,1.8121139849173323e-06
200,1200,0.01,49475,1.8111445233412113e-06
200,1200,0.01,49500,1.8101760690322766e-06
200,1200,0.01,49525,1.809208619463036e-06
200,1200,0.01,49550,1.8082421800414902e-06
200,1200,0.01,49575,1.8072767438686438e-06
200,1200,0.01,49600,1.8063122982255042e-06
200,1200,0.01,49625,1.8053488596691397e-06
200,1200,0.01,49650,1.804386419343787e-06
200,1200,0.01,49675,1.8034249724702828e-06
200,1200,0.01,49700,1.8024645234478859e-06
200,1200,0.01,49725,1.8015050618665207e-06
200,1200,0.01,49750,1.8005466014148902e-06
200,1200,0.01,49775,1.7995891279480591e-06
200,1200,0.01,49800,1.7986326398457958e-06
200,1200,0.01,49825,1.7976771460818247e-06
200,1200,0.01,49850,1.796722632706367e-06
200,1200,0.01,49875,1.7957691014420032e-06
200,1200,0.01,49900,1.7948165577149483e-06
200,1200,0.01,49925,1.793864991998101e-06
200,1200,0.01,49950,1.7929144116518927e-06
200,1200,0.01,49975,1.79196479737926e-06
200,1200,0.01,50000,1.7910161705493935e-06
